,Unnamed: 0,Unnamed: 0.1,Unnamed: 0.1.1,Unnamed: 0.1.1.1,Unnamed: 0.1.1.1.1,ratings,action,dislikes,likes,durations,view_cnts,years,months,days,hours,minutes,weekdays,link,titles,source,query,datetime,all_categories
0,0,0,0,565,3,,Visited,,,,,2020,1,11,19,39,5,,,search,https://people.com/style/gwyneth-paltrow-selling-candle-smells-like-vagina/amp/,2020-01-11 19:39:00,News
1,1,1,1,561,561,,Searched,,,,,2020,1,23,12,6,3,https://www.youtube.com/results?search_query=caroline+asmr,,youtube,,2020-01-23 12:06:00,
2,2,2,2,555,555,,Searched,,,,,2020,1,23,12,7,3,https://www.youtube.com/results?search_query=emma+chamberlain,,youtube,,2020-01-23 12:07:00,
3,3,3,3,556,556,,Searched,,,,,2020,1,23,12,7,3,https://www.youtube.com/results?search_query=pengy+asm,,youtube,,2020-01-23 12:07:00,
4,4,4,4,557,557,,Searched,,,,,2020,1,23,12,7,3,https://www.youtube.com/results?search_query=acacia,,youtube,,2020-01-23 12:07:00,
5,5,5,5,554,554,,Searched,,,,,2020,1,23,12,7,3,https://www.youtube.com/results?search_query=emma+zeitgeist,,youtube,,2020-01-23 12:07:00,
6,6,6,6,559,559,,Searched,,,,,2020,1,23,12,7,3,https://www.youtube.com/results?search_query=asmr+bakery,,youtube,,2020-01-23 12:07:00,
7,7,7,7,560,560,,Searched,,,,,2020,1,23,12,7,3,https://www.youtube.com/results?search_query=fast+asmr,,youtube,,2020-01-23 12:07:00,
8,8,8,8,558,558,,Searched,,,,,2020,1,23,12,7,3,https://www.youtube.com/results?search_query=gentle+whispering,,youtube,,2020-01-23 12:07:00,
9,9,9,9,553,553,,Searched,,,,,2020,1,23,12,8,3,https://www.youtube.com/results?search_query=dr+sandra+lee,,youtube,,2020-01-23 12:08:00,
10,10,10,10,552,552,,Searched,,,,,2020,1,23,12,8,3,https://www.youtube.com/results?search_query=asmr+art+of+sound,,youtube,,2020-01-23 12:08:00,
11,11,11,11,551,551,,Searched,,,,,2020,1,23,12,8,3,https://www.youtube.com/results?search_query=kevin+miller+asmr,,youtube,,2020-01-23 12:08:00,
12,12,12,12,550,550,,Searched,,,,,2020,1,23,12,8,3,https://www.youtube.com/results?search_query=sassy+masha,,youtube,,2020-01-23 12:08:00,
13,13,13,13,549,549,,Searched,,,,,2020,1,23,12,8,3,https://www.youtube.com/results?search_query=asmr+magic,,youtube,,2020-01-23 12:08:00,
14,14,14,14,548,548,,Searched,,,,,2020,1,23,12,8,3,https://www.youtube.com/results?search_query=jenna+marbles,,youtube,,2020-01-23 12:08:00,
15,15,15,15,540,540,,Searched,,,,,2020,1,23,12,9,3,https://www.youtube.com/results?search_query=asmr+psychetruth,,youtube,,2020-01-23 12:09:00,
16,16,16,16,542,542,,Searched,,,,,2020,1,23,12,9,3,https://www.youtube.com/results?search_query=asmr+surge,,youtube,,2020-01-23 12:09:00,
17,17,17,17,541,541,,Searched,,,,,2020,1,23,12,9,3,https://www.youtube.com/results?search_query=caroline+smr,,youtube,,2020-01-23 12:09:00,
18,18,18,18,543,543,,Searched,,,,,2020,1,23,12,9,3,https://www.youtube.com/results?search_query=asmr+destiny,,youtube,,2020-01-23 12:09:00,
19,19,19,19,547,547,,Searched,,,,,2020,1,23,12,9,3,https://www.youtube.com/results?search_query=tony+bomboni+asmr,,youtube,,2020-01-23 12:09:00,
20,20,20,20,545,545,,Searched,,,,,2020,1,23,12,9,3,https://www.youtube.com/results?search_query=jeffree+star,,youtube,,2020-01-23 12:09:00,
21,21,21,21,546,546,,Searched,,,,,2020,1,23,12,9,3,https://www.youtube.com/results?search_query=dolan+twins,,youtube,,2020-01-23 12:09:00,
22,22,22,22,544,544,,Searched,,,,,2020,1,23,12,9,3,https://www.youtube.com/results?search_query=hiho+kids,,youtube,,2020-01-23 12:09:00,
23,23,23,23,532,532,,Searched,,,,,2020,1,23,12,10,3,https://www.youtube.com/results?search_query=harry+styles,,youtube,,2020-01-23 12:10:00,
24,24,24,24,539,539,,Searched,,,,,2020,1,23,12,10,3,https://www.youtube.com/results?search_query=tati,,youtube,,2020-01-23 12:10:00,
25,25,25,25,538,538,,Searched,,,,,2020,1,23,12,10,3,https://www.youtube.com/results?search_query=shane,,youtube,,2020-01-23 12:10:00,
26,26,26,26,537,537,,Searched,,,,,2020,1,23,12,10,3,https://www.youtube.com/results?search_query=simply+nailogical,,youtube,,2020-01-23 12:10:00,
27,27,27,27,536,536,,Searched,,,,,2020,1,23,12,10,3,https://www.youtube.com/results?search_query=simply+notogical,,youtube,,2020-01-23 12:10:00,
28,28,28,28,535,535,,Searched,,,,,2020,1,23,12,10,3,https://www.youtube.com/results?search_query=daniella+monet,,youtube,,2020-01-23 12:10:00,
29,29,29,29,534,534,,Searched,,,,,2020,1,23,12,10,3,https://www.youtube.com/results?search_query=wyatt+kane,,youtube,,2020-01-23 12:10:00,
30,30,30,30,533,533,,Searched,,,,,2020,1,23,12,10,3,https://www.youtube.com/results?search_query=psychetruth,,youtube,,2020-01-23 12:10:00,
31,31,31,31,529,529,,Searched,,,,,2020,1,23,12,11,3,https://www.youtube.com/results?search_query=shane+glossin,,youtube,,2020-01-23 12:11:00,
32,32,32,32,530,530,,Searched,,,,,2020,1,23,12,11,3,https://www.youtube.com/results?search_query=nour+said+what,,youtube,,2020-01-23 12:11:00,
33,33,33,33,531,531,,Searched,,,,,2020,1,23,12,11,3,https://www.youtube.com/results?search_query=golden+retreiver+asmr,,youtube,,2020-01-23 12:11:00,
34,34,34,34,528,528,,Searched,,,,,2020,1,23,12,12,3,https://www.youtube.com/results?search_query=the+hoop,,youtube,,2020-01-23 12:12:00,
35,35,35,35,527,527,,Searched,,,,,2020,1,23,12,13,3,https://www.youtube.com/results?search_query=The+hoop,,youtube,,2020-01-23 12:13:00,
36,36,36,36,526,526,,Watched,,,,,2020,1,23,12,13,3,https://www.youtube.com/watch?v=dmkwb2KfLW8,,youtube,,2020-01-23 12:13:00,
37,37,37,37,521,521,,Watched,,,,,2020,1,23,12,14,3,https://www.youtube.com/watch?v=O3sUyu80rrM,,youtube,,2020-01-23 12:14:00,
38,38,38,38,525,525,,Searched,,,,,2020,1,23,12,14,3,https://www.youtube.com/results?search_query=the+maker,,youtube,,2020-01-23 12:14:00,
39,39,39,39,524,524,,Watched,,,,,2020,1,23,12,14,3,https://www.youtube.com/watch?v=YDXOioU_OKM,,youtube,,2020-01-23 12:14:00,
40,40,40,40,523,523,,Searched,,,,,2020,1,23,12,14,3,https://www.youtube.com/results?search_query=last+dance,,youtube,,2020-01-23 12:14:00,
41,41,41,41,522,522,,Searched,,,,,2020,1,23,12,14,3,https://www.youtube.com/results?search_query=last+dance+anthony+ma,,youtube,,2020-01-23 12:14:00,
42,42,42,42,515,515,4.9349632,Watched,139.0,8410.0,137.0,742839.0,2020,1,23,12,16,3,https://www.youtube.com/watch?v=rdQrwBVRzEg,"P&G 'Thank You, Mom' Campaign Ad: ""Strong"" (Rio 2016 Olympics)",youtube,,2020-01-23 12:16:00,People & Blogs
43,43,43,43,517,517,,Watched,,,,,2020,1,23,12,16,3,https://www.youtube.com/watch?v=6vz6AdmljNU,,youtube,,2020-01-23 12:16:00,
44,44,44,44,518,518,,Searched,,,,,2020,1,23,12,16,3,https://www.youtube.com/results?search_query=realisrare+song,,youtube,,2020-01-23 12:16:00,
45,45,45,45,516,516,,Searched,,,,,2020,1,23,12,16,3,https://www.youtube.com/results?search_query=p%26g+thank+you+mom,,youtube,,2020-01-23 12:16:00,
46,46,46,46,520,520,,Searched,,,,,2020,1,23,12,16,3,https://www.youtube.com/results?search_query=%23realisrare,,youtube,,2020-01-23 12:16:00,
47,47,47,47,519,519,,Watched,,,,,2020,1,23,12,16,3,https://www.youtube.com/watch?v=W_6dVzGGsuA,,youtube,,2020-01-23 12:16:00,
48,48,48,48,510,510,,Watched,,,,,2020,1,23,12,17,3,https://www.youtube.com/watch?v=NemtQx0m0Ss,,youtube,,2020-01-23 12:17:00,
49,49,49,49,511,511,,Searched,,,,,2020,1,23,12,17,3,https://www.youtube.com/results?search_query=extra+gum+commercial,,youtube,,2020-01-23 12:17:00,
50,50,50,50,512,512,,Watched,,,,,2020,1,23,12,17,3,https://www.youtube.com/watch?v=lmEkuACGSvk,,youtube,,2020-01-23 12:17:00,
51,51,51,51,514,514,,Searched,,,,,2020,1,23,12,17,3,https://www.youtube.com/results?search_query=2017+subaru+forester,,youtube,,2020-01-23 12:17:00,
52,52,52,52,513,513,,Searched,,,,,2020,1,23,12,17,3,https://www.youtube.com/results?search_query=subaru+forester+2017+commercial,,youtube,,2020-01-23 12:17:00,
53,53,53,53,509,509,,Watched,,,,,2020,1,23,12,18,3,https://www.youtube.com/watch?v=8HcDJTupkeY,,youtube,,2020-01-23 12:18:00,
54,54,54,54,508,508,,Searched,,,,,2020,1,23,12,19,3,https://www.youtube.com/results?search_query=irresistible+one+direction,,youtube,,2020-01-23 12:19:00,
55,55,55,55,507,507,,Searched,,,,,2020,1,23,12,19,3,https://www.youtube.com/results?search_query=i+should%27ve+kissed+you+one+direction,,youtube,,2020-01-23 12:19:00,
56,56,56,56,506,506,,Watched,,,,,2020,1,23,12,19,3,https://www.youtube.com/watch?v=ZapGkoi_nH4,,youtube,,2020-01-23 12:19:00,
57,57,57,57,503,503,,Searched,,,,,2020,1,23,12,20,3,https://www.youtube.com/results?search_query=just+can%27t+let+her+go+one+direction,,youtube,,2020-01-23 12:20:00,
58,58,58,58,505,505,,Searched,,,,,2020,1,23,12,20,3,https://www.youtube.com/results?search_query=na+na+na+one+direction,,youtube,,2020-01-23 12:20:00,
59,59,59,59,504,504,,Searched,,,,,2020,1,23,12,20,3,https://www.youtube.com/results?search_query=truly+madly+deeply+one+direction,,youtube,,2020-01-23 12:20:00,
60,60,60,60,502,502,,Searched,,,,,2020,1,23,12,20,3,https://www.youtube.com/results?search_query=another+world+one+direction,,youtube,,2020-01-23 12:20:00,
61,61,61,61,501,501,,Searched,,,,,2020,1,23,12,21,3,https://www.youtube.com/results?search_query=magic+one+direction,,youtube,,2020-01-23 12:21:00,
62,62,62,62,499,499,,Searched,,,,,2020,1,23,12,21,3,https://www.youtube.com/results?search_query=teenage+kicks+one+direction,,youtube,,2020-01-23 12:21:00,
63,63,63,63,500,500,,Searched,,,,,2020,1,23,12,21,3,https://www.youtube.com/results?search_query=teenage+dirtbag+one+direction,,youtube,,2020-01-23 12:21:00,
64,64,64,64,498,498,,Watched,,,,,2020,1,23,12,23,3,https://www.youtube.com/watch?v=guiZdq1QsYI,,youtube,,2020-01-23 12:23:00,
65,65,65,65,564,2,,Visited,,,,,2020,1,23,12,25,3,,,search,Google Search,2020-01-23 12:25:00,Internet & Telecom
66,66,66,66,497,497,4.9755416,Watched,2623.0,426353.0,1232.0,7470227.0,2020,1,23,14,10,3,https://www.youtube.com/watch?v=S79GcTt_8pc,Come Watch More Of My Favorite Tik Toks With Me,youtube,,2020-01-23 14:10:00,Comedy
67,67,67,67,496,496,4.9755416,Watched,2623.0,426353.0,1232.0,7470227.0,2020,1,24,1,47,4,https://www.youtube.com/watch?v=S79GcTt_8pc,Come Watch More Of My Favorite Tik Toks With Me,youtube,,2020-01-24 01:47:00,Comedy
68,68,68,68,495,495,,Watched,,,,,2020,1,24,1,53,4,https://www.youtube.com/watch?v=TGr1IP-1e7E,,youtube,,2020-01-24 01:53:00,
69,69,69,69,494,494,,Watched,,,,,2020,1,24,2,47,4,https://www.youtube.com/watch?v=p1TfFJoSd-Y,,youtube,,2020-01-24 02:47:00,
70,70,70,70,493,493,,Watched,,,,,2020,1,24,3,19,4,https://www.youtube.com/watch?v=7hZNjru5TrY,,youtube,,2020-01-24 03:19:00,
71,71,71,71,492,492,,Watched,,,,,2020,1,25,3,48,5,https://www.youtube.com/watch?v=5xA--TJrt2o,,youtube,,2020-01-25 03:48:00,
72,72,72,72,491,491,,Watched,,,,,2020,1,25,3,49,5,https://www.youtube.com/watch?v=FBCXpYoyutw,,youtube,,2020-01-25 03:49:00,
73,73,73,73,490,490,,Watched,,,,,2020,1,26,0,22,6,https://www.youtube.com/watch?v=kYtmAzBN1Uc,,youtube,,2020-01-26 00:22:00,
74,74,74,74,489,489,,Watched,,,,,2020,1,26,1,50,6,https://www.youtube.com/watch?v=oW78qOFK404,,youtube,,2020-01-26 01:50:00,
75,75,75,75,488,488,,Watched,,,,,2020,1,26,2,8,6,https://www.youtube.com/watch?v=uQ_7YoiMX4k,,youtube,,2020-01-26 02:08:00,
76,76,76,76,487,487,,Watched,,,,,2020,1,26,3,44,6,https://www.youtube.com/watch?v=JFkZ0S5GxhU,,youtube,,2020-01-26 03:44:00,
77,77,77,77,486,486,4.8711138,Watched,57.0,1712.0,39.0,176846.0,2020,1,26,14,34,6,https://www.youtube.com/watch?v=fRaTrE2g2vE,,youtube,,2020-01-26 14:34:00,People & Blogs
78,78,78,78,485,485,,Watched,,,,,2020,1,26,21,9,6,https://www.youtube.com/watch?v=nfQbrQYtLfU,,youtube,,2020-01-26 21:09:00,
79,79,79,79,484,484,,Watched,,,,,2020,1,26,21,20,6,https://www.youtube.com/watch?v=ZXV7-RX-QgE,,youtube,,2020-01-26 21:20:00,
80,80,80,80,483,483,,Watched,,,,,2020,1,26,22,17,6,https://www.youtube.com/watch?v=mhWs-Ar4OoM,,youtube,,2020-01-26 22:17:00,
81,81,81,81,482,482,,Watched,,,,,2020,1,26,23,15,6,https://www.youtube.com/watch?v=kc26QVXXSfw,,youtube,,2020-01-26 23:15:00,
82,82,82,82,481,481,,Watched,,,,,2020,1,26,23,58,6,https://www.youtube.com/watch?v=8f2lnlRrnzI,,youtube,,2020-01-26 23:58:00,
83,83,83,83,480,480,,Watched,,,,,2020,1,27,2,46,0,https://www.youtube.com/watch?v=T3k4jh4yhZU,,youtube,,2020-01-27 02:46:00,
84,84,84,84,479,479,4.917016,Watched,2631.0,124189.0,694.0,4587989.0,2020,1,27,2,47,0,https://www.youtube.com/watch?v=Qe8AyAUN_wk,Tik Tok Memes That Hit Like Vine,youtube,,2020-01-27 02:47:00,
85,85,85,85,478,478,,Watched,,,,,2020,1,27,2,58,0,https://www.youtube.com/watch?v=tu_rl3D53z4,,youtube,,2020-01-27 02:58:00,
86,86,86,86,477,477,,Watched,,,,,2020,1,27,3,11,0,https://www.youtube.com/watch?v=ax_fQ3PfK-8,,youtube,,2020-01-27 03:11:00,
87,87,87,87,476,476,,Watched,,,,,2020,1,27,3,39,0,https://www.youtube.com/watch?v=ftw5xXsqRLY,,youtube,,2020-01-27 03:39:00,
88,88,88,88,475,475,,Watched,,,,,2020,1,27,3,50,0,https://www.youtube.com/watch?v=WoGidZcSKKM,,youtube,,2020-01-27 03:50:00,
89,89,89,89,474,474,4.8778949,Watched,87.0,2763.0,242.0,375551.0,2020,1,27,15,7,0,https://www.youtube.com/watch?v=PDjS20kic54,,youtube,,2020-01-27 15:07:00,Science & Technology
90,90,90,90,473,473,4.8436751,Watched,114.0,2803.0,729.0,416783.0,2020,1,27,15,12,0,https://www.youtube.com/watch?v=IsAUNs-IoSQ,,youtube,,2020-01-27 15:12:00,People & Blogs
91,91,91,91,472,472,4.9352225999999995,Watched,,,492.0,23664.0,2020,1,27,15,18,0,https://www.youtube.com/watch?v=uiyc20GfclU,,youtube,,2020-01-27 15:18:00,Education
92,92,92,92,471,471,4.7803922,Watched,14.0,241.0,341.0,74469.0,2020,1,27,15,22,0,https://www.youtube.com/watch?v=r1R00l8Z5lg,,youtube,,2020-01-27 15:22:00,Education
93,93,93,93,470,470,4.1999998,Watched,1.0,4.0,45.0,5911.0,2020,1,27,15,24,0,https://www.youtube.com/watch?v=E7PhUa7f0Rk,,youtube,,2020-01-27 15:24:00,Film & Animation
94,94,94,94,469,469,4.8640776,Watched,7.0,199.0,144.0,47326.0,2020,1,27,15,34,0,https://www.youtube.com/watch?v=vz4jE7huhMA,,youtube,,2020-01-27 15:34:00,Education
95,95,95,95,468,468,4.4166665,Watched,7.0,41.0,136.0,48720.0,2020,1,27,15,35,0,https://www.youtube.com/watch?v=9Rg75zEVB1g,,youtube,,2020-01-27 15:35:00,Education
96,96,96,96,467,467,4.7894735,Watched,2.0,36.0,747.0,2457.0,2020,1,27,15,37,0,https://www.youtube.com/watch?v=GLGvdyGCSNE,,youtube,,2020-01-27 15:37:00,Education
97,97,97,97,466,466,4.6771197,Watched,139.0,1583.0,458.0,134464.0,2020,1,27,15,39,0,https://www.youtube.com/watch?v=fW16ohQkNGI,,youtube,,2020-01-27 15:39:00,News & Politics
98,98,98,98,465,465,4.396743799999999,Watched,352.0,1982.0,143.0,5489618.0,2020,1,27,15,44,0,https://www.youtube.com/watch?v=OVAdCKaU3vY,,youtube,,2020-01-27 15:44:00,Science & Technology
99,99,99,99,464,464,3.7630057,Watched,107.0,239.0,156.0,120668.0,2020,1,27,15,52,0,https://www.youtube.com/watch?v=5UxVz4tn7ZA,,youtube,,2020-01-27 15:52:00,Entertainment
100,100,100,100,463,463,,Watched,,,,,2020,1,28,4,2,1,https://www.youtube.com/watch?v=sL6w4L4J-Uo,,youtube,,2020-01-28 04:02:00,
101,101,101,101,462,462,,Watched,,,,,2020,1,28,4,16,1,https://www.youtube.com/watch?v=cD_N3EJi73I,,youtube,,2020-01-28 04:16:00,
102,102,102,102,461,461,,Watched,,,,,2020,1,29,2,5,2,https://www.youtube.com/watch?v=VLoReU98a8Y,,youtube,,2020-01-29 02:05:00,
103,103,103,103,460,460,,Watched,,,,,2020,1,29,3,0,2,https://www.youtube.com/watch?v=g4AtYutc2HI,,youtube,,2020-01-29 03:00:00,
104,104,104,104,459,459,,Watched,,,,,2020,1,29,3,12,2,https://www.youtube.com/watch?v=ouVgEKQLI4I,,youtube,,2020-01-29 03:12:00,
105,105,105,105,458,458,,Watched,,,,,2020,1,29,3,23,2,https://www.youtube.com/watch?v=-6260DeDaOw,,youtube,,2020-01-29 03:23:00,
106,106,106,106,457,457,,Watched,,,,,2020,1,29,3,34,2,https://www.youtube.com/watch?v=qfUKWTs9_Mg,,youtube,,2020-01-29 03:34:00,
107,107,107,107,456,456,,Watched,,,,,2020,1,29,3,42,2,https://www.youtube.com/watch?v=xQLrFjuOpf8,,youtube,,2020-01-29 03:42:00,
108,108,108,108,455,455,,Watched,,,,,2020,1,29,3,51,2,https://www.youtube.com/watch?v=cD_N3EJi73I,,youtube,,2020-01-29 03:51:00,
109,109,109,109,454,454,,Watched,,,,,2020,1,29,21,21,2,https://www.youtube.com/watch?v=BFdiMsXzc1E,,youtube,,2020-01-29 21:21:00,
110,110,110,110,453,453,4.3119659000000015,Watched,161.0,775.0,896.0,221974.0,2020,1,29,23,6,2,https://www.youtube.com/watch?v=qAFvGrOwVug,,youtube,,2020-01-29 23:06:00,News & Politics
111,111,111,111,452,452,3.2795699000000003,Watched,120.0,159.0,408.0,43778.0,2020,1,29,23,15,2,https://www.youtube.com/watch?v=r_gRQbmLoBs,,youtube,,2020-01-29 23:15:00,Howto & Style
112,112,112,112,451,451,4.7866163,Watched,169.0,2999.0,1397.0,237518.0,2020,1,29,23,21,2,https://www.youtube.com/watch?v=dg2RoARuAHM,,youtube,,2020-01-29 23:21:00,Nonprofits & Activism
113,113,113,113,450,450,4.839201,Watched,4203.0,100350.0,240.0,5674706.0,2020,1,29,23,24,2,https://www.youtube.com/watch?v=PM79UBTwfsg,,youtube,,2020-01-29 23:24:00,Comedy
114,114,114,114,449,449,4.2857141,Watched,15.0,69.0,162.0,30860.0,2020,1,29,23,31,2,https://www.youtube.com/watch?v=8A-CV-zXX7U,,youtube,,2020-01-29 23:31:00,Science & Technology
115,115,115,115,448,448,4.7731729000000005,Watched,1007.0,16751.0,275.0,2302246.0,2020,1,29,23,32,2,https://www.youtube.com/watch?v=Yz68K2qAlkE,,youtube,,2020-01-29 23:32:00,Entertainment
116,116,116,116,447,447,4.6750731,Watched,277.0,3133.0,598.0,1276406.0,2020,1,29,23,36,2,https://www.youtube.com/watch?v=5-bz97yXH-Q,,youtube,,2020-01-29 23:36:00,Education
117,117,117,117,446,446,,Watched,,,,,2020,1,29,23,49,2,https://www.youtube.com/watch?v=oRDdc-W7xH0,,youtube,,2020-01-29 23:49:00,
118,118,118,118,445,445,,Watched,,,,,2020,1,31,0,17,4,https://www.youtube.com/watch?v=7RoV0KaJoLc,,youtube,,2020-01-31 00:17:00,
119,119,119,119,444,444,,Searched,,,,,2020,1,31,0,42,4,https://www.youtube.com/results?search_query=dancing+queen+slowed+down,,youtube,,2020-01-31 00:42:00,
120,120,120,120,443,443,,Watched,,,,,2020,1,31,0,42,4,https://www.youtube.com/watch?v=iSQHU9TUNN4,,youtube,,2020-01-31 00:42:00,
121,121,121,121,442,442,,Watched,,,,,2020,1,31,2,36,4,https://www.youtube.com/watch?v=B4bH1OM_Z9Q,,youtube,,2020-01-31 02:36:00,
122,122,122,122,441,441,,Watched,,,,,2020,2,2,3,7,6,https://www.youtube.com/watch?v=1uBaeMd6mss,,youtube,,2020-02-02 03:07:00,
123,123,123,123,440,440,,Watched,,,,,2020,2,2,3,21,6,https://www.youtube.com/watch?v=d9tdRyY2BPo,,youtube,,2020-02-02 03:21:00,
124,124,124,124,439,439,,Watched,,,,,2020,2,2,4,59,6,https://www.youtube.com/watch?v=acCBUYQ5xr0,,youtube,,2020-02-02 04:59:00,
125,125,125,125,438,438,,Watched,,,,,2020,2,3,0,39,0,https://www.youtube.com/watch?v=Ir7BcnYCKdI,,youtube,,2020-02-03 00:39:00,
126,126,126,126,437,437,,Watched,,,,,2020,2,3,3,36,0,https://www.youtube.com/watch?v=XIt2m14AERc,,youtube,,2020-02-03 03:36:00,
127,127,127,127,436,436,,Watched,,,,,2020,2,3,3,51,0,https://www.youtube.com/watch?v=LytnDWXjmuw,,youtube,,2020-02-03 03:51:00,
128,128,128,128,435,435,4.9100404000000015,Watched,224.0,9736.0,644.0,1374101.0,2020,2,3,18,28,0,https://www.youtube.com/watch?v=-XQcnO4iX_U,,youtube,,2020-02-03 18:28:00,Education
129,129,129,129,434,434,4.8995004,Watched,2091.0,81133.0,800.0,3208654.0,2020,2,3,20,27,0,https://www.youtube.com/watch?v=REX6f6BdoAY,Tik Toks That Radiate Extreme Chaotic Energy,youtube,,2020-02-03 20:27:00,Entertainment
130,130,130,130,433,433,,Watched,,,,,2020,2,3,20,41,0,https://www.youtube.com/watch?v=1RMsooLfNn0,,youtube,,2020-02-03 20:41:00,
131,131,131,131,432,432,4.2800002,Watched,9.0,41.0,244.0,16751.0,2020,2,3,21,9,0,https://www.youtube.com/watch?v=S1uEG-NYKaA,,youtube,,2020-02-03 21:09:00,Education
132,132,132,132,431,431,4.8790593,Watched,27.0,866.0,226.0,240636.0,2020,2,3,22,50,0,https://www.youtube.com/watch?v=FXpZTjtClVk,,youtube,,2020-02-03 22:50:00,Education
133,133,133,133,430,430,3.8287498999999996,Watched,937.0,2263.0,221.0,2463981.0,2020,2,3,23,0,0,https://www.youtube.com/watch?v=fUwLRtJN4Aw,,youtube,,2020-02-03 23:00:00,Education
134,134,134,134,429,429,,Watched,,,,,2020,2,4,2,49,1,https://www.youtube.com/watch?v=SkM0tJdOXVs,,youtube,,2020-02-04 02:49:00,
135,135,135,135,428,428,,Watched,,,,,2020,2,5,2,8,2,https://www.youtube.com/watch?v=xQLrFjuOpf8,,youtube,,2020-02-05 02:08:00,
136,136,136,136,427,427,,Watched,,,,,2020,2,5,3,2,2,https://www.youtube.com/watch?v=7nzlxOw3cZc,,youtube,,2020-02-05 03:02:00,
137,137,137,137,426,426,,Watched,,,,,2020,2,5,3,8,2,https://www.youtube.com/watch?v=Ujg4Wscykns,,youtube,,2020-02-05 03:08:00,
138,138,138,138,425,425,,Watched,,,,,2020,2,5,3,29,2,https://www.youtube.com/watch?v=tLdRQCSBW5U,,youtube,,2020-02-05 03:29:00,
139,139,139,139,424,424,,Watched,,,,,2020,2,6,3,5,3,https://www.youtube.com/watch?v=DZrKmkzk01Y,,youtube,,2020-02-06 03:05:00,
140,140,140,140,423,423,,Watched,,,,,2020,2,7,2,4,4,https://www.youtube.com/watch?v=EdRICdCCNrI,,youtube,,2020-02-07 02:04:00,
141,141,141,141,422,422,,Watched,,,,,2020,2,7,3,30,4,https://www.youtube.com/watch?v=BUG_NlgZnco,,youtube,,2020-02-07 03:30:00,
142,142,142,142,421,421,,Searched,,,,,2020,2,8,1,48,5,https://www.youtube.com/results?search_query=pennywise+dance,,youtube,,2020-02-08 01:48:00,
143,143,143,143,420,420,,Watched,,,,,2020,2,8,1,48,5,https://www.youtube.com/watch?v=SpnWwqwwkTU,,youtube,,2020-02-08 01:48:00,
144,144,144,144,419,419,,Watched,,,,,2020,2,8,3,6,5,https://www.youtube.com/watch?v=IUT3zMz6VGA,,youtube,,2020-02-08 03:06:00,
145,145,145,145,418,418,,Watched,,,,,2020,2,8,20,40,5,https://www.youtube.com/watch?v=hoxeIZeX6WI,,youtube,,2020-02-08 20:40:00,
146,146,146,146,417,417,,Watched,,,,,2020,2,8,20,41,5,https://www.youtube.com/watch?v=XdSLJnnRDN4,,youtube,,2020-02-08 20:41:00,
147,147,147,147,416,416,,Watched,,,,,2020,2,9,19,27,6,https://www.youtube.com/watch?v=pn-Kxynk5cU,,youtube,,2020-02-09 19:27:00,
148,148,148,148,415,415,,Watched,,,,,2020,2,9,23,42,6,https://www.youtube.com/watch?v=gYHGV0Fi16g,,youtube,,2020-02-09 23:42:00,
149,149,149,149,414,414,,Watched,,,,,2020,2,10,1,59,0,https://www.youtube.com/watch?v=gYHGV0Fi16g,,youtube,,2020-02-10 01:59:00,
150,150,150,150,413,413,,Watched,,,,,2020,2,10,1,59,0,https://www.youtube.com/watch?v=pn-Kxynk5cU,,youtube,,2020-02-10 01:59:00,
151,151,151,151,412,412,,Watched,,,,,2020,2,10,2,47,0,https://www.youtube.com/watch?v=FUvgF6Yq3l4,,youtube,,2020-02-10 02:47:00,
152,152,152,152,411,411,,Watched,,,,,2020,2,10,4,1,0,https://www.youtube.com/watch?v=IUT3zMz6VGA,,youtube,,2020-02-10 04:01:00,
153,153,153,153,410,410,,Watched,,,,,2020,2,10,4,21,0,https://www.youtube.com/watch?v=acCBUYQ5xr0,,youtube,,2020-02-10 04:21:00,
154,154,154,154,409,409,,Watched,,,,,2020,2,10,15,18,0,https://www.youtube.com/watch?v=McYEPIuz-sI,,youtube,,2020-02-10 15:18:00,
155,155,155,155,408,408,4.9431415,Watched,40.0,2774.0,725.0,219293.0,2020,2,10,19,35,0,https://www.youtube.com/watch?v=ciQjo7bj-uQ,,youtube,,2020-02-10 19:35:00,Education
156,156,156,156,407,407,4.8275843,Watched,3770.0,83693.0,205.0,4748527.0,2020,2,10,19,43,0,https://www.youtube.com/watch?v=cAUDKEI4QKI,What It's Like To Be Intersex,youtube,,2020-02-10 19:43:00,Entertainment
157,157,157,157,406,406,4.7202072,Watched,,,199.0,129122.0,2020,2,10,19,50,0,https://www.youtube.com/watch?v=c9ne4Cwy9T4,,youtube,,2020-02-10 19:50:00,Nonprofits & Activism
158,158,158,158,405,405,4.9455580999999995,Watched,55.0,3986.0,370.0,128934.0,2020,2,10,19,53,0,https://www.youtube.com/watch?v=5vDVUPjBJiM,,youtube,,2020-02-10 19:53:00,Entertainment
159,159,159,159,404,404,4.771043799999998,Watched,272.0,4480.0,245.0,204220.0,2020,2,10,20,0,0,https://www.youtube.com/watch?v=MHz61Hc34kE,,youtube,,2020-02-10 20:00:00,Science & Technology
160,160,160,160,403,403,4.7633801,Watched,105.0,1670.0,369.0,145902.0,2020,2,10,20,2,0,https://www.youtube.com/watch?v=EWZBV_GhVdM,,youtube,,2020-02-10 20:02:00,People & Blogs
161,161,161,161,402,402,4.6862745000000015,Watched,356.0,4183.0,189.0,576371.0,2020,2,10,20,18,0,https://www.youtube.com/watch?v=l5knvmy1Z3s,,youtube,,2020-02-10 20:18:00,Science & Technology
162,162,162,162,401,401,4.378550499999999,Watched,1072.0,5828.0,74.0,2936759.0,2020,2,10,20,20,0,https://www.youtube.com/watch?v=GdZhOZh71zw,,youtube,,2020-02-10 20:20:00,Comedy
163,163,163,163,400,400,4.1287127,Watched,22.0,79.0,120.0,46084.0,2020,2,10,20,21,0,https://www.youtube.com/watch?v=bBD1lRL14ek,,youtube,,2020-02-10 20:21:00,Entertainment
164,164,164,164,399,399,,Watched,,,,,2020,2,10,20,32,0,https://www.youtube.com/watch?v=OMPTNUgQ8c8,,youtube,,2020-02-10 20:32:00,
165,165,165,165,398,398,,Watched,,,,,2020,2,11,1,7,1,https://www.youtube.com/watch?v=BQwC0Cuit5E,,youtube,,2020-02-11 01:07:00,
166,166,166,166,397,397,,Watched,,,,,2020,2,11,2,12,1,https://www.youtube.com/watch?v=wwuN3VQAPT0,,youtube,,2020-02-11 02:12:00,
167,167,167,167,396,396,,Watched,,,,,2020,2,11,2,30,1,https://www.youtube.com/watch?v=LCBCVv4Fv48,,youtube,,2020-02-11 02:30:00,
168,168,168,168,395,395,,Watched,,,,,2020,2,12,1,52,2,https://www.youtube.com/watch?v=rcESztAfU-M,,youtube,,2020-02-12 01:52:00,
169,169,169,169,394,394,,Watched,,,,,2020,2,12,19,41,2,https://www.youtube.com/watch?v=xVpkW1T04EQ,,youtube,,2020-02-12 19:41:00,
170,170,170,170,393,393,,Watched,,,,,2020,2,13,3,54,3,https://www.youtube.com/watch?v=rcESztAfU-M,,youtube,,2020-02-13 03:54:00,
171,171,171,171,392,392,,Watched,,,,,2020,2,13,4,28,3,https://www.youtube.com/watch?v=LCBCVv4Fv48,,youtube,,2020-02-13 04:28:00,
172,172,172,172,391,391,,Watched,,,,,2020,2,14,3,45,4,https://www.youtube.com/watch?v=A8KZDI6nlF0,,youtube,,2020-02-14 03:45:00,
173,173,173,173,390,390,,Watched,,,,,2020,2,14,12,6,4,https://www.youtube.com/watch?v=D47XeA7A2Kc,,youtube,,2020-02-14 12:06:00,
174,174,174,174,389,389,,Watched,,,,,2020,2,15,3,43,5,https://www.youtube.com/watch?v=Ao_arwpyXoA,,youtube,,2020-02-15 03:43:00,
175,175,175,175,388,388,,Watched,,,,,2020,2,15,4,2,5,https://www.youtube.com/watch?v=IUT3zMz6VGA,,youtube,,2020-02-15 04:02:00,
176,176,176,176,387,387,,Watched,,,,,2020,2,15,17,25,5,https://www.youtube.com/watch?v=aKGZGusL0sg,,youtube,,2020-02-15 17:25:00,
177,177,177,177,386,386,,Watched,,,,,2020,2,15,17,36,5,https://www.youtube.com/watch?v=sNlPYEJX4LM,,youtube,,2020-02-15 17:36:00,
178,178,178,178,385,385,,Searched,,,,,2020,2,15,22,25,5,https://www.youtube.com/results?search_query=la+bicicleta+rohil,,youtube,,2020-02-15 22:25:00,
179,179,179,179,384,384,,Watched,,,,,2020,2,15,22,25,5,https://www.youtube.com/watch?v=KpnrEs6gQI0,,youtube,,2020-02-15 22:25:00,
180,180,180,180,383,383,,Watched,,,,,2020,2,16,3,4,6,https://www.youtube.com/watch?v=FCQkNKdWEdA,,youtube,,2020-02-16 03:04:00,
181,181,181,181,382,382,,Watched,,,,,2020,2,16,20,26,6,https://www.youtube.com/watch?v=qSVbKnx7kUc,,youtube,,2020-02-16 20:26:00,
182,182,182,182,381,381,,Watched,,,,,2020,2,17,2,45,0,https://www.youtube.com/watch?v=-nxDr8yxwJY,,youtube,,2020-02-17 02:45:00,
183,183,183,183,380,380,,Watched,,,,,2020,2,17,3,1,0,https://www.youtube.com/watch?v=-RHhk_HBysc,,youtube,,2020-02-17 03:01:00,
184,184,184,184,379,379,,Watched,,,,,2020,2,17,3,3,0,https://www.youtube.com/watch?v=5dtBHdkaQLQ,,youtube,,2020-02-17 03:03:00,
185,185,185,185,378,378,,Watched,,,,,2020,2,17,4,21,0,https://www.youtube.com/watch?v=rcESztAfU-M,,youtube,,2020-02-17 04:21:00,
186,186,186,186,377,377,,Watched,,,,,2020,2,17,18,57,0,https://www.youtube.com/watch?v=jxvyC3BNzIo,,youtube,,2020-02-17 18:57:00,
187,187,187,187,376,376,4.8939395,Watched,21.0,771.0,221.0,141973.0,2020,2,17,20,27,0,https://www.youtube.com/watch?v=TOsgy7CYnMI,,youtube,,2020-02-17 20:27:00,Nonprofits & Activism
188,188,188,188,375,375,4.9230371,Watched,74.0,3772.0,650.0,123803.0,2020,2,17,20,54,0,https://www.youtube.com/watch?v=JDOdv792rBA,,youtube,,2020-02-17 20:54:00,Nonprofits & Activism
189,189,189,189,374,374,,Watched,,,,,2020,2,18,1,36,1,https://www.youtube.com/watch?v=VfIMEQjhQvI,,youtube,,2020-02-18 01:36:00,
190,190,190,190,373,373,,Watched,,,,,2020,2,18,2,46,1,https://www.youtube.com/watch?v=2bHQXS0aam0,,youtube,,2020-02-18 02:46:00,
191,191,191,191,372,372,,Watched,,,,,2020,2,19,0,33,2,https://www.youtube.com/watch?v=nVJcl9ygmmY,,youtube,,2020-02-19 00:33:00,
192,192,192,192,371,371,,Watched,,,,,2020,2,19,0,47,2,https://www.youtube.com/watch?v=jxe119yq0LY,,youtube,,2020-02-19 00:47:00,
193,193,193,193,563,1,,Visited,,,,,2020,2,19,1,44,2,,,search,Google Search,2020-02-19 01:44:00,Internet & Telecom
194,194,194,194,370,370,,Watched,,,,,2020,2,19,3,0,2,https://www.youtube.com/watch?v=bFSFpHjsLY0,,youtube,,2020-02-19 03:00:00,
195,195,195,195,369,369,,Watched,,,,,2020,2,19,3,8,2,https://www.youtube.com/watch?v=Z6JUh3Tqfl4,,youtube,,2020-02-19 03:08:00,
196,196,196,196,368,368,,Watched,,,,,2020,2,19,3,24,2,https://www.youtube.com/watch?v=jxe119yq0LY,,youtube,,2020-02-19 03:24:00,
197,197,197,197,367,367,,Watched,,,,,2020,2,19,3,37,2,https://www.youtube.com/watch?v=e6R-T-pdKXM,,youtube,,2020-02-19 03:37:00,
198,198,198,198,366,366,,Watched,,,,,2020,2,19,4,12,2,https://www.youtube.com/watch?v=Ed6pBy4Xggc,,youtube,,2020-02-19 04:12:00,
199,199,199,199,365,365,,Watched,,,,,2020,2,20,2,52,3,https://www.youtube.com/watch?v=QB4vok_FMfw,,youtube,,2020-02-20 02:52:00,
200,200,200,200,364,364,,Watched,,,,,2020,2,20,4,27,3,https://www.youtube.com/watch?v=virtz2ocmmA,,youtube,,2020-02-20 04:27:00,
201,201,201,201,363,363,,Watched,,,,,2020,2,21,3,57,4,https://www.youtube.com/watch?v=8mJoV-MfHMI,,youtube,,2020-02-21 03:57:00,
202,202,202,202,362,362,,Watched,,,,,2020,2,21,4,0,4,https://www.youtube.com/watch?v=QjzlGyxLZyg,,youtube,,2020-02-21 04:00:00,
203,203,203,203,361,361,,Watched,,,,,2020,2,21,21,11,4,https://www.youtube.com/watch?v=ofznuyTbM1Y,,youtube,,2020-02-21 21:11:00,
204,204,204,204,360,360,,Watched,,,,,2020,2,21,21,23,4,https://www.youtube.com/watch?v=hTD_47lOKbw,,youtube,,2020-02-21 21:23:00,
205,205,205,205,359,359,,Watched,,,,,2020,2,22,5,3,5,https://www.youtube.com/watch?v=52oXBQ6B0Lw,,youtube,,2020-02-22 05:03:00,
206,206,206,206,358,358,,Watched,,,,,2020,2,23,4,49,6,https://www.youtube.com/watch?v=52oXBQ6B0Lw,,youtube,,2020-02-23 04:49:00,
207,207,207,207,357,357,,Watched,,,,,2020,2,23,4,55,6,https://www.youtube.com/watch?v=iVoien8Tem0,,youtube,,2020-02-23 04:55:00,
208,208,208,208,356,356,,Watched,,,,,2020,2,23,20,49,6,https://www.youtube.com/watch?v=JXtpgavk3oc,,youtube,,2020-02-23 20:49:00,
209,209,209,209,355,355,,Watched,,,,,2020,2,23,21,4,6,https://www.youtube.com/watch?v=uUTiREtvCqc,,youtube,,2020-02-23 21:04:00,
210,210,210,210,354,354,,Watched,,,,,2020,2,23,22,13,6,https://www.youtube.com/watch?v=UWwYChuG2ds,,youtube,,2020-02-23 22:13:00,
211,211,211,211,353,353,,Watched,,,,,2020,2,24,2,15,0,https://www.youtube.com/watch?v=yzvPbzHVe1E,,youtube,,2020-02-24 02:15:00,
212,212,212,212,352,352,,Watched,,,,,2020,2,24,3,27,0,https://www.youtube.com/watch?v=Rx9f7TRkvP0,,youtube,,2020-02-24 03:27:00,
213,213,213,213,351,351,,Watched,,,,,2020,2,24,3,34,0,https://www.youtube.com/watch?v=R5dVu9P8c_s,,youtube,,2020-02-24 03:34:00,
214,214,214,214,350,350,,Watched,,,,,2020,2,24,3,59,0,https://www.youtube.com/watch?v=L2RTYsCEkI4,,youtube,,2020-02-24 03:59:00,
215,215,215,215,349,349,,Watched,,,,,2020,2,24,4,18,0,https://www.youtube.com/watch?v=52oXBQ6B0Lw,,youtube,,2020-02-24 04:18:00,
216,216,216,216,348,348,,Watched,,,,,2020,2,24,4,52,0,https://www.youtube.com/watch?v=5dtBHdkaQLQ,,youtube,,2020-02-24 04:52:00,
217,217,217,217,347,347,,Watched,,,,,2020,2,24,4,52,0,https://www.youtube.com/watch?v=A8KZDI6nlF0,,youtube,,2020-02-24 04:52:00,
218,218,218,218,346,346,,Watched,,,,,2020,2,25,0,42,1,https://www.youtube.com/watch?v=QXcyP8MFodw,,youtube,,2020-02-25 00:42:00,
219,219,219,219,345,345,,Watched,,,,,2020,2,25,2,6,1,https://www.youtube.com/watch?v=uIi15dZeCvU,,youtube,,2020-02-25 02:06:00,
220,220,220,220,344,344,,Watched,,,,,2020,2,25,2,13,1,https://www.youtube.com/watch?v=6O2SUsOQgEw,,youtube,,2020-02-25 02:13:00,
221,221,221,221,343,343,,Watched,,,,,2020,2,25,3,28,1,https://www.youtube.com/watch?v=QXcyP8MFodw,,youtube,,2020-02-25 03:28:00,
222,222,222,222,342,342,4.93046,Watched,895.0,50586.0,273.0,4166418.0,2020,2,25,20,57,1,https://www.youtube.com/watch?v=169N81xAffQ,,youtube,,2020-02-25 20:57:00,Education
223,223,223,223,341,341,4.8461189000000005,Watched,170.0,4249.0,207.0,289204.0,2020,2,25,21,2,1,https://www.youtube.com/watch?v=66171og-u_Y,,youtube,,2020-02-25 21:02:00,Science & Technology
224,224,224,224,340,340,4.9274807,Watched,38.0,2058.0,158.0,108738.0,2020,2,25,21,4,1,https://www.youtube.com/watch?v=6FiCUtEnsJQ,,youtube,,2020-02-25 21:04:00,Education
225,225,225,225,339,339,4.7777777000000015,Watched,5.0,85.0,387.0,38701.0,2020,2,25,21,6,1,https://www.youtube.com/watch?v=tDi9BD__gRY,,youtube,,2020-02-25 21:06:00,Education
226,226,226,226,338,338,4.9234805,Watched,1047.0,53684.0,115.0,6651392.0,2020,2,25,21,7,1,https://www.youtube.com/watch?v=yN2X4BHTlEw,,youtube,,2020-02-25 21:07:00,Entertainment
227,227,227,227,337,337,4.5921569,Watched,26.0,229.0,157.0,150592.0,2020,2,25,21,10,1,https://www.youtube.com/watch?v=kXD3JrjUtmI,,youtube,,2020-02-25 21:10:00,Entertainment
228,228,228,228,336,336,4.656312000000002,Watched,130.0,1383.0,395.0,267513.0,2020,2,25,21,12,1,https://www.youtube.com/watch?v=qnZHD_iB84s,,youtube,,2020-02-25 21:12:00,News & Politics
229,229,229,229,335,335,4.3512444000000015,Watched,24552.0,126827.0,156.0,101767547.0,2020,2,25,21,18,1,https://www.youtube.com/watch?v=mWWl6L1QeO8,Your Body During Sex,youtube,,2020-02-25 21:18:00,Science & Technology
230,230,230,230,334,334,4.8632731,Watched,2001.0,56539.0,239.0,5253795.0,2020,2,25,21,25,1,https://www.youtube.com/watch?v=5ioQ8a7o3Mo,,youtube,,2020-02-25 21:25:00,Science & Technology
231,231,231,231,333,333,3.6043165,Watched,97.0,181.0,83.0,138850.0,2020,2,25,23,29,1,https://www.youtube.com/watch?v=JotKh7BkEGA,,youtube,,2020-02-25 23:29:00,Howto & Style
232,232,232,232,332,332,3.945328700000001,Watched,762.0,2128.0,740.0,559233.0,2020,2,25,23,33,1,https://www.youtube.com/watch?v=ecTxtriIR_w,,youtube,,2020-02-25 23:33:00,People & Blogs
233,233,233,233,331,331,4.5492959000000015,Watched,48.0,378.0,58.0,435701.0,2020,2,25,23,34,1,https://www.youtube.com/watch?v=8MJJW3a_2Ro,,youtube,,2020-02-25 23:34:00,People & Blogs
234,234,234,234,330,330,4.318256400000001,Watched,520.0,2531.0,300.0,839131.0,2020,2,25,23,38,1,https://www.youtube.com/watch?v=NC1DDCQu53E,,youtube,,2020-02-25 23:38:00,Howto & Style
235,235,235,235,329,329,4.071609,Watched,551.0,1823.0,230.0,1429706.0,2020,2,26,0,17,2,https://www.youtube.com/watch?v=isd2oPMdC3M,,youtube,,2020-02-26 00:17:00,Education
236,236,236,236,328,328,4.3159566,Watched,2749.0,13326.0,260.0,2072896.0,2020,2,26,0,23,2,https://www.youtube.com/watch?v=83lo7OqruJI,,youtube,,2020-02-26 00:23:00,Entertainment
237,237,237,237,327,327,4.7841482000000015,Watched,64.0,1122.0,201.0,290071.0,2020,2,26,0,32,2,https://www.youtube.com/watch?v=i-dupMyRBss,,youtube,,2020-02-26 00:32:00,Entertainment
238,238,238,238,326,326,4.7094736,Watched,69.0,881.0,105.0,550913.0,2020,2,26,0,33,2,https://www.youtube.com/watch?v=QOh0MIHqnXE,,youtube,,2020-02-26 00:33:00,Howto & Style
239,239,239,239,324,324,4.1199288,Watched,,,627.0,10044245.0,2020,2,26,0,34,2,https://www.youtube.com/watch?v=eTmoIsfhHDM,,youtube,,2020-02-26 00:34:00,Education
240,240,240,240,325,325,3.9254341,Watched,263.0,716.0,79.0,1166685.0,2020,2,26,0,34,2,https://www.youtube.com/watch?v=dl1GDq0y1tw,,youtube,,2020-02-26 00:34:00,Howto & Style
241,241,241,241,323,323,4.217247,Watched,118.0,485.0,144.0,460904.0,2020,2,26,0,39,2,https://www.youtube.com/watch?v=0ahU7deMaVE,,youtube,,2020-02-26 00:39:00,Howto & Style
242,242,242,242,322,322,4.8305502,Watched,964.0,21792.0,450.0,1130682.0,2020,2,26,0,46,2,https://www.youtube.com/watch?v=9Pq4Gs-QnCs,,youtube,,2020-02-26 00:46:00,Entertainment
243,243,243,243,321,321,,Watched,,,,,2020,2,26,2,47,2,https://www.youtube.com/watch?v=twvMeSIfsig,,youtube,,2020-02-26 02:47:00,
244,244,244,244,320,320,,Watched,,,,,2020,2,26,2,58,2,https://www.youtube.com/watch?v=pUCt2hFAdMA,,youtube,,2020-02-26 02:58:00,
245,245,245,245,319,319,,Watched,,,,,2020,2,26,3,1,2,https://www.youtube.com/watch?v=KJy65aeOLTo,,youtube,,2020-02-26 03:01:00,
246,246,246,246,318,318,,Watched,,,,,2020,2,27,0,23,3,https://www.youtube.com/watch?v=cdG5Ed_kvbQ,,youtube,,2020-02-27 00:23:00,
247,247,247,247,317,317,,Watched,,,,,2020,2,27,2,12,3,https://www.youtube.com/watch?v=WgfgQPONV1k,,youtube,,2020-02-27 02:12:00,
248,248,248,248,316,316,4.516129,Watched,15.0,109.0,159.0,19558.0,2020,2,27,17,59,3,https://www.youtube.com/watch?v=3EhdKiEn-ZU,,youtube,,2020-02-27 17:59:00,Education
249,249,249,249,315,315,4.6355748,Watched,210.0,2095.0,154.0,382926.0,2020,2,27,18,1,3,https://www.youtube.com/watch?v=uJ7xSFv_cCI,,youtube,,2020-02-27 18:01:00,Entertainment
250,250,250,250,314,314,4.4405779999999995,Watched,426.0,2620.0,720.0,532286.0,2020,2,27,18,4,3,https://www.youtube.com/watch?v=Sf13U1u2OI8,,youtube,,2020-02-27 18:04:00,Entertainment
251,251,251,251,313,313,,Watched,,,,,2020,2,27,18,12,3,https://www.youtube.com/watch?v=lqNEAMLjC2Q,,youtube,,2020-02-27 18:12:00,
252,252,252,252,312,312,4.8645244000000005,Watched,78.0,2225.0,725.0,287476.0,2020,2,27,18,15,3,https://www.youtube.com/watch?v=gR3bFOZkpfY,,youtube,,2020-02-27 18:15:00,People & Blogs
253,253,253,253,311,311,4.0467501000000015,Watched,418.0,1336.0,104.0,1112697.0,2020,2,27,18,26,3,https://www.youtube.com/watch?v=vF5yreFzSmQ,,youtube,,2020-02-27 18:26:00,Howto & Style
254,254,254,254,310,310,5.0,Watched,0.0,1.0,174.0,1191.0,2020,2,27,18,27,3,https://www.youtube.com/watch?v=U3C5f4NlwuM,,youtube,,2020-02-27 18:27:00,News & Politics
255,255,255,255,309,309,4.858161900000002,Watched,522.0,14199.0,149.0,5142560.0,2020,2,27,18,31,3,https://www.youtube.com/watch?v=EwdCIpbTN5g,,youtube,,2020-02-27 18:31:00,Film & Animation
256,256,256,256,308,308,4.766129,Watched,29.0,467.0,482.0,88221.0,2020,2,27,18,32,3,https://www.youtube.com/watch?v=A-80t0O1q6M,,youtube,,2020-02-27 18:32:00,News & Politics
257,257,257,257,307,307,4.504132299999998,Watched,,,325.0,90197.0,2020,2,27,18,36,3,https://www.youtube.com/watch?v=JB6zwvBtDK8,,youtube,,2020-02-27 18:36:00,Science & Technology
258,258,258,258,306,306,,Watched,,,,,2020,2,27,18,38,3,https://www.youtube.com/watch?v=WgSZeOWBF8M,,youtube,,2020-02-27 18:38:00,
259,259,259,259,305,305,,Watched,,,,,2020,2,28,18,37,4,https://www.youtube.com/watch?v=olGSAVOkkTI,,youtube,,2020-02-28 18:37:00,
260,260,260,260,304,304,,Watched,,,,,2020,2,28,20,22,4,https://www.youtube.com/watch?v=dbg4hNHsc_8,,youtube,,2020-02-28 20:22:00,
261,261,261,261,303,303,,Watched,,,,,2020,2,28,21,12,4,https://www.youtube.com/watch?v=pOWqld70nNs,,youtube,,2020-02-28 21:12:00,
262,262,262,262,302,302,,Watched,,,,,2020,3,1,16,16,6,https://www.youtube.com/watch?v=_3hQnHi5OEk,,youtube,,2020-03-01 16:16:00,
263,263,263,263,301,301,,Watched,,,,,2020,3,1,21,14,6,https://www.youtube.com/watch?v=3ipoXHpG1VQ,,youtube,,2020-03-01 21:14:00,
264,264,264,264,300,300,,Watched,,,,,2020,3,1,22,11,6,https://www.youtube.com/watch?v=nRX9S6yLLaU,,youtube,,2020-03-01 22:11:00,
265,265,265,265,299,299,,Watched,,,,,2020,3,2,0,13,0,https://www.youtube.com/watch?v=HfICYcQ1E3k,,youtube,,2020-03-02 00:13:00,
266,266,266,266,298,298,,Watched,,,,,2020,3,2,0,15,0,https://www.youtube.com/watch?v=EMPbo2IBvRM,,youtube,,2020-03-02 00:15:00,
267,267,267,267,297,297,,Watched,,,,,2020,3,2,1,37,0,https://www.youtube.com/watch?v=EMPbo2IBvRM,,youtube,,2020-03-02 01:37:00,
268,268,268,268,296,296,,Watched,,,,,2020,3,2,22,6,0,https://www.youtube.com/watch?v=Xwmw0HC3LOc,,youtube,,2020-03-02 22:06:00,
269,269,269,269,295,295,,Searched,,,,,2020,3,2,22,6,0,https://www.youtube.com/results?search_query=senior+saddle+up+hillsborough+high+school,,youtube,,2020-03-02 22:06:00,
270,270,270,270,294,294,,Watched,,,,,2020,3,2,22,6,0,https://www.youtube.com/watch?v=WLyTdTisefA,,youtube,,2020-03-02 22:06:00,
271,271,271,271,293,293,,Watched,,,,,2020,3,2,22,48,0,https://www.youtube.com/watch?v=LrXIG4oK7Ew,,youtube,,2020-03-02 22:48:00,
272,272,272,272,292,292,,Watched,,,,,2020,3,3,1,16,1,https://www.youtube.com/watch?v=WOHG0lwxOjk,,youtube,,2020-03-03 01:16:00,
273,273,273,273,291,291,,Watched,,,,,2020,3,3,3,9,1,https://www.youtube.com/watch?v=R189VzXyt2Q,,youtube,,2020-03-03 03:09:00,
274,274,274,274,290,290,,Watched,,,,,2020,3,3,3,30,1,https://www.youtube.com/watch?v=bcONgI0DmO8,,youtube,,2020-03-03 03:30:00,
275,275,275,275,289,289,,Watched,,,,,2020,3,3,3,30,1,https://www.youtube.com/watch?v=VdFYUp0122E,,youtube,,2020-03-03 03:30:00,
276,276,276,276,288,288,,Watched,,,,,2020,3,3,3,34,1,https://www.youtube.com/watch?v=1bNd6kHD1kc,,youtube,,2020-03-03 03:34:00,
277,277,277,277,287,287,,Watched,,,,,2020,3,3,3,37,1,https://www.youtube.com/watch?v=suXWmrxn9uM,,youtube,,2020-03-03 03:37:00,
278,278,278,278,286,286,,Watched,,,,,2020,3,4,7,34,2,https://www.youtube.com/watch?v=MOwdRWTxmo4,,youtube,,2020-03-04 07:34:00,
279,279,279,279,285,285,,Watched,,,,,2020,3,5,4,21,3,https://www.youtube.com/watch?v=51Vtk38bLfU,,youtube,,2020-03-05 04:21:00,
280,280,280,280,284,284,,Watched,,,,,2020,3,5,4,25,3,https://www.youtube.com/watch?v=JQcliCwkfgY,,youtube,,2020-03-05 04:25:00,
281,281,281,281,283,283,,Watched,,,,,2020,3,5,4,30,3,https://www.youtube.com/watch?v=uTVj0DdBlzc,,youtube,,2020-03-05 04:30:00,
282,282,282,282,282,282,,Watched,,,,,2020,3,6,2,9,4,https://www.youtube.com/watch?v=NUQGxa3WCd0,,youtube,,2020-03-06 02:09:00,
283,283,283,283,281,281,,Watched,,,,,2020,3,6,2,11,4,https://www.youtube.com/watch?v=KuEQdpJj7Ic,,youtube,,2020-03-06 02:11:00,
284,284,284,284,280,280,,Watched,,,,,2020,3,6,2,51,4,https://www.youtube.com/watch?v=kP5-ZP7N7o0,,youtube,,2020-03-06 02:51:00,
285,285,285,285,279,279,,Watched,,,,,2020,3,6,2,54,4,https://www.youtube.com/watch?v=CmfVApk7vco,,youtube,,2020-03-06 02:54:00,
286,286,286,286,278,278,,Watched,,,,,2020,3,7,0,28,5,https://www.youtube.com/watch?v=8gb7Bt6B1FI,,youtube,,2020-03-07 00:28:00,
287,287,287,287,277,277,,Watched,,,,,2020,3,7,1,32,5,https://www.youtube.com/watch?v=8gb7Bt6B1FI,,youtube,,2020-03-07 01:32:00,
288,288,288,288,276,276,,Watched,,,,,2020,3,10,17,3,1,https://www.youtube.com/watch?v=6GpLDBOjcQw,,youtube,,2020-03-10 17:03:00,
289,289,289,289,275,275,,Watched,,,,,2020,3,14,23,9,5,https://www.youtube.com/watch?v=va9nj4ABgks,,youtube,,2020-03-14 23:09:00,
290,290,290,290,274,274,,Watched,,,,,2020,3,16,0,29,0,https://www.youtube.com/watch?v=VferbBQIGNI,,youtube,,2020-03-16 00:29:00,
291,291,291,291,273,273,,Watched,,,,,2020,3,16,0,32,0,https://www.youtube.com/watch?v=MNKSSxUvUZI,,youtube,,2020-03-16 00:32:00,
292,292,292,292,272,272,,Watched,,,,,2020,3,16,0,42,0,https://www.youtube.com/watch?v=8ffZRnK9SjQ,,youtube,,2020-03-16 00:42:00,
293,293,293,293,271,271,,Watched,,,,,2020,3,17,0,57,1,https://www.youtube.com/watch?v=-3069MZofR4,,youtube,,2020-03-17 00:57:00,
294,294,294,294,270,270,4.6363635,Watched,1.0,10.0,108.0,2035.0,2020,3,17,13,35,1,https://www.youtube.com/watch?v=1tbVbK-rwwE,,youtube,,2020-03-17 13:35:00,Music
295,295,295,295,269,269,,Watched,,,,,2020,3,17,19,35,1,https://www.youtube.com/watch?v=pA8vpOSVaB8,,youtube,,2020-03-17 19:35:00,
296,296,296,296,268,268,,Watched,,,,,2020,3,17,21,14,1,https://www.youtube.com/watch?v=D7GG5RA7qNA,,youtube,,2020-03-17 21:14:00,
297,297,297,297,267,267,,Watched,,,,,2020,3,17,21,19,1,https://www.youtube.com/watch?v=ljYsXqU8dzw,,youtube,,2020-03-17 21:19:00,
298,298,298,298,266,266,,Watched,,,,,2020,3,17,21,20,1,https://www.youtube.com/watch?v=9lNu_AOOi8M,,youtube,,2020-03-17 21:20:00,
299,299,299,299,265,265,,Watched,,,,,2020,3,17,21,20,1,https://www.youtube.com/watch?v=ntaIZbpx--s,,youtube,,2020-03-17 21:20:00,
300,300,300,300,264,264,,Watched,,,,,2020,3,17,21,20,1,https://www.youtube.com/watch?v=QEArc9Dz2kE,,youtube,,2020-03-17 21:20:00,
301,301,301,301,258,258,,Watched,,,,,2020,3,17,21,21,1,https://www.youtube.com/watch?v=hBzkzD0sWE4,,youtube,,2020-03-17 21:21:00,
302,302,302,302,259,259,,Watched,,,,,2020,3,17,21,21,1,https://www.youtube.com/watch?v=T2iBnjtfbzI,,youtube,,2020-03-17 21:21:00,
303,303,303,303,260,260,,Watched,,,,,2020,3,17,21,21,1,https://www.youtube.com/watch?v=6jaPN69eBMI,,youtube,,2020-03-17 21:21:00,
304,304,304,304,262,262,,Watched,,,,,2020,3,17,21,21,1,https://www.youtube.com/watch?v=Mh_0XqAMjsg,,youtube,,2020-03-17 21:21:00,
305,305,305,305,263,263,,Watched,,,,,2020,3,17,21,21,1,https://www.youtube.com/watch?v=M0ghwGgFDgo,,youtube,,2020-03-17 21:21:00,
306,306,306,306,261,261,,Watched,,,,,2020,3,17,21,21,1,https://www.youtube.com/watch?v=Lg4L-vww-9w,,youtube,,2020-03-17 21:21:00,
307,307,307,307,257,257,,Watched,,,,,2020,3,17,21,22,1,https://www.youtube.com/watch?v=c8H0zZgvmUQ,,youtube,,2020-03-17 21:22:00,
308,308,308,308,256,256,,Watched,,,,,2020,3,17,21,23,1,https://www.youtube.com/watch?v=Wu0q18dYWJg,,youtube,,2020-03-17 21:23:00,
309,309,309,309,255,255,,Watched,,,,,2020,3,17,21,23,1,https://www.youtube.com/watch?v=OaP4sY5sU7Y,,youtube,,2020-03-17 21:23:00,
310,310,310,310,254,254,,Watched,,,,,2020,3,17,21,24,1,https://www.youtube.com/watch?v=s8czz8IFAGI,,youtube,,2020-03-17 21:24:00,
311,311,311,311,253,253,,Watched,,,,,2020,3,18,1,35,2,https://www.youtube.com/watch?v=0HNniON4wfc,,youtube,,2020-03-18 01:35:00,
312,312,312,312,252,252,,Watched,,,,,2020,3,18,18,21,2,https://www.youtube.com/watch?v=pA8vpOSVaB8,,youtube,,2020-03-18 18:21:00,
313,313,313,313,251,251,,Watched,,,,,2020,3,18,20,37,2,https://www.youtube.com/watch?v=D7GG5RA7qNA,,youtube,,2020-03-18 20:37:00,
314,314,314,314,250,250,,Watched,,,,,2020,3,19,11,48,3,https://www.youtube.com/watch?v=ioYJZSXiwSE,,youtube,,2020-03-19 11:48:00,
315,315,315,315,249,249,,Watched,,,,,2020,3,19,12,6,3,https://www.youtube.com/watch?v=FGAc3Yun5VE,,youtube,,2020-03-19 12:06:00,
316,316,316,316,248,248,,Watched,,,,,2020,3,20,1,42,4,https://www.youtube.com/watch?v=3R0VvVH7-eQ,,youtube,,2020-03-20 01:42:00,
317,317,317,317,247,247,,Watched,,,,,2020,3,21,1,49,5,https://www.youtube.com/watch?v=xN0NneGfLMU,,youtube,,2020-03-21 01:49:00,
318,318,318,318,246,246,,Watched,,,,,2020,3,21,1,52,5,https://www.youtube.com/watch?v=Ihq9ylad0Vo,,youtube,,2020-03-21 01:52:00,
319,319,319,319,245,245,,Searched,,,,,2020,3,21,23,3,5,https://www.youtube.com/results?search_query=Yoga,,youtube,,2020-03-21 23:03:00,
320,320,320,320,244,244,,Searched,,,,,2020,3,21,23,19,5,https://www.youtube.com/results?search_query=Full+yoga,,youtube,,2020-03-21 23:19:00,
321,321,321,321,243,243,,Watched,,,,,2020,3,22,1,13,6,https://www.youtube.com/watch?v=5Gkh1EISSvU,,youtube,,2020-03-22 01:13:00,
322,322,322,322,242,242,,Watched,,,,,2020,3,22,1,29,6,https://www.youtube.com/watch?v=CXwYEMvHdgw,,youtube,,2020-03-22 01:29:00,
323,323,323,323,241,241,,Watched,,,,,2020,3,22,1,32,6,https://www.youtube.com/watch?v=Ihq9ylad0Vo,,youtube,,2020-03-22 01:32:00,
324,324,324,324,240,240,,Watched,,,,,2020,3,22,2,6,6,https://www.youtube.com/watch?v=8gb7Bt6B1FI,,youtube,,2020-03-22 02:06:00,
325,325,325,325,239,239,,Watched,,,,,2020,3,22,11,55,6,https://www.youtube.com/watch?v=JVQARbhCgAY,,youtube,,2020-03-22 11:55:00,
326,326,326,326,238,238,,Searched,,,,,2020,3,22,12,51,6,https://www.youtube.com/results?search_query=Stretch+yoga,,youtube,,2020-03-22 12:51:00,
327,327,327,327,237,237,,Searched,,,,,2020,3,22,12,51,6,https://www.youtube.com/results?search_query=30+minute+vinyasa+flow,,youtube,,2020-03-22 12:51:00,
328,328,328,328,236,236,,Watched,,,,,2020,3,22,12,55,6,https://www.youtube.com/watch?v=No2u_Dq_9ho,,youtube,,2020-03-22 12:55:00,
329,329,329,329,235,235,4.9062967,Watched,1436.0,59864.0,199.0,8778322.0,2020,3,22,23,13,6,https://www.youtube.com/watch?v=4WvwX18oMR4,Best Christmas Ever - SNL,youtube,,2020-03-22 23:13:00,Entertainment
330,330,330,330,234,234,,Watched,,,,,2020,3,23,0,30,0,https://www.youtube.com/watch?v=8Y31SMlG9YU,,youtube,,2020-03-23 00:30:00,
331,331,331,331,233,233,,Watched,,,,,2020,3,23,0,40,0,https://www.youtube.com/watch?v=U0xhc3w9ykI,,youtube,,2020-03-23 00:40:00,
332,332,332,332,232,232,,Watched,,,,,2020,3,23,1,12,0,https://www.youtube.com/watch?v=va9nj4ABgks,,youtube,,2020-03-23 01:12:00,
333,333,333,333,231,231,,Watched,,,,,2020,3,23,2,7,0,https://www.youtube.com/watch?v=0HNniON4wfc,,youtube,,2020-03-23 02:07:00,
334,334,334,334,230,230,,Watched,,,,,2020,3,23,14,8,0,https://www.youtube.com/watch?v=HWVvj03wKa4,,youtube,,2020-03-23 14:08:00,
335,335,335,335,229,229,,Watched,,,,,2020,3,23,18,12,0,https://www.youtube.com/watch?v=Vx-0GcjaUgA,,youtube,,2020-03-23 18:12:00,
336,336,336,336,228,228,,Searched,,,,,2020,3,23,21,46,0,https://www.youtube.com/results?search_query=the+secret+to+desire+in+a+long-term+relationship+ted,,youtube,,2020-03-23 21:46:00,
337,337,337,337,227,227,4.9057374000000005,Watched,1240.0,51378.0,1150.0,3630975.0,2020,3,23,21,47,0,https://www.youtube.com/watch?v=sa0RUmGTCYY,,youtube,,2020-03-23 21:47:00,People & Blogs
338,338,338,338,226,226,,Watched,,,,,2020,3,24,2,10,1,https://www.youtube.com/watch?v=9LJkU9ysHmM,,youtube,,2020-03-24 02:10:00,
339,339,339,339,225,225,,Watched,,,,,2020,3,24,2,11,1,https://www.youtube.com/watch?v=omCO2ogMY9o,,youtube,,2020-03-24 02:11:00,
340,340,340,340,224,224,,Watched,,,,,2020,3,24,2,18,1,https://www.youtube.com/watch?v=Gb_xssywId4,,youtube,,2020-03-24 02:18:00,
341,341,341,341,223,223,,Watched,,,,,2020,3,24,2,44,1,https://www.youtube.com/watch?v=Ihq9ylad0Vo,,youtube,,2020-03-24 02:44:00,
342,342,342,342,222,222,,Watched,,,,,2020,3,24,3,21,1,https://www.youtube.com/watch?v=MOwdRWTxmo4,,youtube,,2020-03-24 03:21:00,
343,343,343,343,221,221,,Watched,,,,,2020,3,24,19,4,1,https://www.youtube.com/watch?v=dCKbRCUyop8,,youtube,,2020-03-24 19:04:00,
344,344,344,344,220,220,,Watched,,,,,2020,3,24,19,4,1,https://www.youtube.com/watch?v=u8qPvzk0AfY,,youtube,,2020-03-24 19:04:00,
345,345,345,345,219,219,4.5823874,Watched,2907.0,24937.0,383.0,5273806.0,2020,3,25,0,0,2,https://www.youtube.com/watch?v=dt2JQhSXDts,,youtube,,2020-03-25 00:00:00,Education
346,346,346,346,218,218,,Watched,,,,,2020,3,25,2,22,2,https://www.youtube.com/watch?v=U0xhc3w9ykI,,youtube,,2020-03-25 02:22:00,
347,347,347,347,217,217,,Watched,,,,,2020,3,25,17,17,2,https://www.youtube.com/watch?v=y957cpBg3R4,,youtube,,2020-03-25 17:17:00,
348,348,348,348,216,216,,Watched,,,,,2020,3,26,2,9,3,https://www.youtube.com/watch?v=EETNPH-8asQ,,youtube,,2020-03-26 02:09:00,
349,349,349,349,215,215,,Searched,,,,,2020,3,26,11,48,3,https://www.youtube.com/results?search_query=30+minute+vinyasa+flow,,youtube,,2020-03-26 11:48:00,
350,350,350,350,214,214,,Watched,,,,,2020,3,26,11,48,3,https://www.youtube.com/watch?v=g13nVd7OLYs,,youtube,,2020-03-26 11:48:00,
351,351,351,351,213,213,,Searched,,,,,2020,3,26,16,5,3,https://www.youtube.com/results?search_query=acacia,,youtube,,2020-03-26 16:05:00,
352,352,352,352,212,212,,Searched,,,,,2020,3,26,23,30,3,https://www.youtube.com/results?search_query=Tiny+house,,youtube,,2020-03-26 23:30:00,
353,353,353,353,210,210,,Searched,,,,,2020,3,27,0,55,4,https://www.youtube.com/results?search_query=The+hammer+college+campus+scene,,youtube,,2020-03-27 00:55:00,
354,354,354,354,211,211,,Searched,,,,,2020,3,27,0,55,4,https://www.youtube.com/results?search_query=The+bammer+college+campus+scene,,youtube,,2020-03-27 00:55:00,
355,355,355,355,209,209,,Watched,,,,,2020,3,27,2,18,4,https://www.youtube.com/watch?v=ydjU1re1Knw,,youtube,,2020-03-27 02:18:00,
356,356,356,356,208,208,4.6487222,Watched,4894.0,50834.0,735.0,9397534.0,2020,3,27,3,12,4,https://www.youtube.com/watch?v=noZtiLf8RB8,,youtube,,2020-03-27 03:12:00,Education
357,357,357,357,207,207,4.7531552,Watched,2308.0,35092.0,737.0,4203383.0,2020,3,27,3,21,4,https://www.youtube.com/watch?v=vz-dJ9UJmL8,,youtube,,2020-03-27 03:21:00,Education
358,358,358,358,206,206,4.6145344,Watched,9216.0,86419.0,1835.0,19014731.0,2020,3,27,3,21,4,https://www.youtube.com/watch?v=o1MYovANFD8,,youtube,,2020-03-27 03:21:00,Education
359,359,359,359,205,205,4.7037129,Watched,4654.0,58177.0,667.0,19058169.0,2020,3,27,3,27,4,https://www.youtube.com/watch?v=w8Soa5t--Vw,,youtube,,2020-03-27 03:27:00,Education
360,360,360,360,204,204,,Watched,,,,,2020,3,27,3,29,4,https://www.youtube.com/watch?v=SmakBdSZd-0,,youtube,,2020-03-27 03:29:00,
361,361,361,361,203,203,,Watched,,,,,2020,3,27,3,37,4,https://www.youtube.com/watch?v=dXJMydIX3Sk,,youtube,,2020-03-27 03:37:00,
362,362,362,362,202,202,,Searched,,,,,2020,3,27,21,30,4,https://www.youtube.com/results?search_query=california+girls,,youtube,,2020-03-27 21:30:00,
363,363,363,363,201,201,4.739027,Watched,126867.0,1817656.0,234.0,495684067.0,2020,3,27,21,30,4,https://www.youtube.com/watch?v=F57P9C4SAW4,Katy Perry - California Gurls (Official) ft. Snoop Dogg,youtube,,2020-03-27 21:30:00,Music
364,364,364,364,200,200,,Searched,,,,,2020,3,27,21,32,4,https://www.youtube.com/results?search_query=california+girls+dance,,youtube,,2020-03-27 21:32:00,
365,365,365,365,199,199,,Watched,,,,,2020,3,28,1,8,5,https://www.youtube.com/watch?v=dXJMydIX3Sk,,youtube,,2020-03-28 01:08:00,
366,366,366,366,198,198,,Watched,,,,,2020,3,29,2,41,6,https://www.youtube.com/watch?v=2v6Xq4770nM,,youtube,,2020-03-29 02:41:00,
367,367,367,367,197,197,4.5267258,Watched,5784.0,43101.0,988.0,7119977.0,2020,3,30,1,53,0,https://www.youtube.com/watch?v=g1nlCvfC_uk,,youtube,,2020-03-30 01:53:00,Education
368,368,368,368,196,196,,Watched,,,,,2020,3,30,1,54,0,https://www.youtube.com/watch?v=uCLDbWKAJl8,,youtube,,2020-03-30 01:54:00,
369,369,369,369,195,195,,Watched,,,,,2020,3,30,2,11,0,https://www.youtube.com/watch?v=l5JC7NudKY8,,youtube,,2020-03-30 02:11:00,
370,370,370,370,194,194,,Watched,,,,,2020,3,30,2,21,0,https://www.youtube.com/watch?v=2T_N7wDiUSY,,youtube,,2020-03-30 02:21:00,
371,371,371,371,193,193,,Watched,,,,,2020,3,31,3,2,1,https://www.youtube.com/watch?v=oOPVObnwloY,,youtube,,2020-03-31 03:02:00,
372,372,372,372,192,192,,Watched,,,,,2020,3,31,9,17,1,https://www.youtube.com/watch?v=jmgMWciooUI,,youtube,,2020-03-31 09:17:00,
373,373,373,373,191,191,,Watched,,,,,2020,3,31,15,8,1,https://www.youtube.com/watch?v=GYI5bG_ryoI,,youtube,,2020-03-31 15:08:00,
374,374,374,374,190,190,,Searched,,,,,2020,4,1,2,44,2,https://www.youtube.com/results?search_query=emma+chamberlain,,youtube,,2020-04-01 02:44:00,
375,375,375,375,189,189,,Watched,,,,,2020,4,1,3,5,2,https://www.youtube.com/watch?v=09jnns2-CF0,,youtube,,2020-04-01 03:05:00,
376,376,376,376,188,188,,Watched,,,,,2020,4,2,4,5,3,https://www.youtube.com/watch?v=_MFkLtj9W6I,,youtube,,2020-04-02 04:05:00,
377,377,377,377,187,187,,Watched,,,,,2020,4,3,1,38,4,https://www.youtube.com/watch?v=wW_HZyqlavc,,youtube,,2020-04-03 01:38:00,
378,378,378,378,186,186,,Searched,,,,,2020,4,3,12,18,4,https://www.youtube.com/results?search_query=emma+chamberlain,,youtube,,2020-04-03 12:18:00,
379,379,379,379,185,185,,Watched,,,,,2020,4,3,12,18,4,https://www.youtube.com/watch?v=_tLjCAwMVnk,,youtube,,2020-04-03 12:18:00,
380,380,380,380,184,184,,Searched,,,,,2020,4,3,20,0,4,https://www.youtube.com/results?search_query=bad+grandpa+trailer,,youtube,,2020-04-03 20:00:00,
381,381,381,381,183,183,,Watched,,,,,2020,4,3,20,0,4,https://www.youtube.com/watch?v=tctgUr147zA,,youtube,,2020-04-03 20:00:00,
382,382,382,382,182,182,,Searched,,,,,2020,4,3,20,59,4,https://www.youtube.com/results?search_query=watch+this+while+high+7,,youtube,,2020-04-03 20:59:00,
383,383,383,383,181,181,,Watched,,,,,2020,4,3,21,0,4,https://www.youtube.com/watch?v=me_lPRfW9-c,,youtube,,2020-04-03 21:00:00,
384,384,384,384,180,180,,Watched,,,,,2020,4,5,3,51,6,https://www.youtube.com/watch?v=N0VM6AraYQU,,youtube,,2020-04-05 03:51:00,
385,385,385,385,179,179,,Searched,,,,,2020,4,5,14,41,6,https://www.youtube.com/results?search_query=30+minute+beginner+yoga,,youtube,,2020-04-05 14:41:00,
386,386,386,386,178,178,,Watched,,,,,2020,4,5,14,45,6,https://www.youtube.com/watch?v=WwF7ooo1igE,,youtube,,2020-04-05 14:45:00,
387,387,387,387,177,177,,Watched,,,,,2020,4,6,3,47,0,https://www.youtube.com/watch?v=3qYykmHx5gc,,youtube,,2020-04-06 03:47:00,
388,388,388,388,176,176,,Watched,,,,,2020,4,6,4,5,0,https://www.youtube.com/watch?v=N0VM6AraYQU,,youtube,,2020-04-06 04:05:00,
389,389,389,389,175,175,,Watched,,,,,2020,4,6,22,21,0,https://www.youtube.com/watch?v=EhoZp-D5P6Q,,youtube,,2020-04-06 22:21:00,
390,390,390,390,174,174,,Watched,,,,,2020,4,7,2,2,1,https://www.youtube.com/watch?v=SDnGGwadFLM,,youtube,,2020-04-07 02:02:00,
391,391,391,391,173,173,,Watched,,,,,2020,4,7,2,4,1,https://www.youtube.com/watch?v=xRvWMJiJddU,,youtube,,2020-04-07 02:04:00,
392,392,392,392,172,172,,Watched,,,,,2020,4,7,2,5,1,https://www.youtube.com/watch?v=XBlfDekP7oQ,,youtube,,2020-04-07 02:05:00,
393,393,393,393,171,171,,Watched,,,,,2020,4,7,2,40,1,https://www.youtube.com/watch?v=pDXulGhkWSE,,youtube,,2020-04-07 02:40:00,
394,394,394,394,170,170,,Watched,,,,,2020,4,7,3,43,1,https://www.youtube.com/watch?v=6w3OZzl-DtA,,youtube,,2020-04-07 03:43:00,
395,395,395,395,169,169,,Watched,,,,,2020,4,8,3,16,2,https://www.youtube.com/watch?v=-xK2V6fsTSc,,youtube,,2020-04-08 03:16:00,
396,396,396,396,168,168,,Watched,,,,,2020,4,8,17,45,2,https://www.youtube.com/watch?v=i-Pm5092a0c,,youtube,,2020-04-08 17:45:00,
397,397,397,397,167,167,4.7973857,Watched,62.0,1162.0,1105.0,146031.0,2020,4,8,17,53,2,https://www.youtube.com/watch?v=v8fe0IkGnUk,,youtube,,2020-04-08 17:53:00,Education
398,398,398,398,166,166,4.8768582,Watched,967.0,30444.0,247.0,3384589.0,2020,4,8,18,27,2,https://www.youtube.com/watch?v=Xo67hUpB2G4,,youtube,,2020-04-08 18:27:00,Entertainment
399,399,399,399,165,165,,Watched,,,,,2020,4,9,3,52,3,https://www.youtube.com/watch?v=-xK2V6fsTSc,,youtube,,2020-04-09 03:52:00,
400,400,400,400,164,164,,Searched,,,,,2020,4,9,17,16,3,https://www.youtube.com/results?search_query=girl+defined,,youtube,,2020-04-09 17:16:00,
401,401,401,401,163,163,,Searched,,,,,2020,4,9,18,17,3,https://www.youtube.com/results?search_query=brooklyn+and+bailey,,youtube,,2020-04-09 18:17:00,
402,402,402,402,162,162,,Watched,,,,,2020,4,10,3,34,4,https://www.youtube.com/watch?v=pDXulGhkWSE,,youtube,,2020-04-10 03:34:00,
403,403,403,403,161,161,,Watched,,,,,2020,4,11,3,40,5,https://www.youtube.com/watch?v=WgfgQPONV1k,,youtube,,2020-04-11 03:40:00,
404,404,404,404,160,160,,Watched,,,,,2020,4,11,3,40,5,https://www.youtube.com/watch?v=KVGY1ga16D4,,youtube,,2020-04-11 03:40:00,
405,405,405,405,159,159,,Watched,,,,,2020,4,12,4,30,6,https://www.youtube.com/watch?v=fgemiURX4xc,,youtube,,2020-04-12 04:30:00,
406,406,406,406,158,158,,Searched,,,,,2020,4,12,14,33,6,https://www.youtube.com/results?search_query=emma+chamberlain,,youtube,,2020-04-12 14:33:00,
407,407,407,407,157,157,,Watched,,,,,2020,4,12,14,33,6,https://www.youtube.com/watch?v=xRvWMJiJddU,,youtube,,2020-04-12 14:33:00,
408,408,408,408,156,156,,Watched,,,,,2020,4,12,23,23,6,https://www.youtube.com/watch?v=0USq8NFHoPQ,,youtube,,2020-04-12 23:23:00,
409,409,409,409,155,155,,Watched,,,,,2020,4,13,2,12,0,https://www.youtube.com/watch?v=fnm99_3Qrco,,youtube,,2020-04-13 02:12:00,
410,410,410,410,154,154,,Watched,,,,,2020,4,13,2,26,0,https://www.youtube.com/watch?v=QhbR5TEAMco,,youtube,,2020-04-13 02:26:00,
411,411,411,411,153,153,,Watched,,,,,2020,4,13,2,46,0,https://www.youtube.com/watch?v=d3kEOqkx5-0,,youtube,,2020-04-13 02:46:00,
412,412,412,412,152,152,,Watched,,,,,2020,4,13,2,47,0,https://www.youtube.com/watch?v=G4A0JMBalaU,,youtube,,2020-04-13 02:47:00,
413,413,413,413,151,151,,Watched,,,,,2020,4,13,6,13,0,https://www.youtube.com/watch?v=CcDVZD1o0Lo,,youtube,,2020-04-13 06:13:00,
414,414,414,414,150,150,,Watched,,,,,2020,4,13,23,32,0,https://www.youtube.com/watch?v=FAmE16ej9IU,,youtube,,2020-04-13 23:32:00,
415,415,415,415,149,149,,Watched,,,,,2020,4,14,3,23,1,https://www.youtube.com/watch?v=62xdSAztMqU,,youtube,,2020-04-14 03:23:00,
416,416,416,416,148,148,,Watched,,,,,2020,4,14,4,0,1,https://www.youtube.com/watch?v=BkiD9BOP0HI,,youtube,,2020-04-14 04:00:00,
417,417,417,417,147,147,,Searched,,,,,2020,4,14,9,25,1,https://www.youtube.com/results?search_query=past+lives+apple+commercial,,youtube,,2020-04-14 09:25:00,
418,418,418,418,146,146,,Watched,,,,,2020,4,14,9,25,1,https://www.youtube.com/watch?v=hVAKODXr2Ls,,youtube,,2020-04-14 09:25:00,
419,419,419,419,145,145,,Watched,,,,,2020,4,14,9,25,1,https://www.youtube.com/watch?v=tPbvQUe5sqo,,youtube,,2020-04-14 09:25:00,
420,420,420,420,144,144,,Searched,,,,,2020,4,14,10,47,1,https://www.youtube.com/results?search_query=dayna+marie+kouvr,,youtube,,2020-04-14 10:47:00,
421,421,421,421,143,143,,Watched,,,,,2020,4,14,10,47,1,https://www.youtube.com/watch?v=YQ3c9f453ZI,,youtube,,2020-04-14 10:47:00,
422,422,422,422,142,142,,Watched,,,,,2020,4,15,2,28,2,https://www.youtube.com/watch?v=mgelHg7ia5A,,youtube,,2020-04-15 02:28:00,
423,423,423,423,141,141,,Watched,,,,,2020,4,15,2,55,2,https://www.youtube.com/watch?v=HWTkKTQHMc8,,youtube,,2020-04-15 02:55:00,
424,424,424,424,140,140,,Watched,,,,,2020,4,15,4,4,2,https://www.youtube.com/watch?v=q7I6G1sVhiI,,youtube,,2020-04-15 04:04:00,
425,425,425,425,139,139,4.5555553,Watched,1.0,8.0,226.0,2836.0,2020,4,16,0,56,3,https://www.youtube.com/watch?v=DkzhIWFUzTM,,youtube,,2020-04-16 00:56:00,People & Blogs
426,426,426,426,138,138,4.8325324,Watched,61.0,1396.0,228.0,914574.0,2020,4,16,2,2,3,https://www.youtube.com/watch?v=W794cMGPafA,,youtube,,2020-04-16 02:02:00,Howto & Style
427,427,427,427,137,137,,Watched,,,,,2020,4,16,3,46,3,https://www.youtube.com/watch?v=9chi8Te0A3Q,,youtube,,2020-04-16 03:46:00,
428,428,428,428,136,136,,Watched,,,,,2020,4,16,4,2,3,https://www.youtube.com/watch?v=RB5GlP91v7E,,youtube,,2020-04-16 04:02:00,
429,429,429,429,135,135,,Watched,,,,,2020,4,16,4,3,3,https://www.youtube.com/watch?v=M_1SKkBd-wQ,,youtube,,2020-04-16 04:03:00,
430,430,430,430,134,134,,Watched,,,,,2020,4,16,4,8,3,https://www.youtube.com/watch?v=kXPKX5-raiY,,youtube,,2020-04-16 04:08:00,
431,431,431,431,133,133,,Watched,,,,,2020,4,16,16,32,3,https://www.youtube.com/watch?v=YQ3c9f453ZI,,youtube,,2020-04-16 16:32:00,
432,432,432,432,132,132,,Searched,,,,,2020,4,16,16,32,3,https://www.youtube.com/results?search_query=emma+chamberlain,,youtube,,2020-04-16 16:32:00,
433,433,433,433,131,131,,Watched,,,,,2020,4,16,18,48,3,https://www.youtube.com/watch?v=_YmxicsHHj0,,youtube,,2020-04-16 18:48:00,
434,434,434,434,130,130,,Watched,,,,,2020,4,16,18,51,3,https://www.youtube.com/watch?v=L8Wur3MkQkU,,youtube,,2020-04-16 18:51:00,
435,435,435,435,129,129,,Watched,,,,,2020,4,16,19,4,3,https://www.youtube.com/watch?v=XBlfDekP7oQ,,youtube,,2020-04-16 19:04:00,
436,436,436,436,128,128,,Watched,,,,,2020,4,17,4,4,4,https://www.youtube.com/watch?v=iPgKaEtEG3E,,youtube,,2020-04-17 04:04:00,
437,437,437,437,127,127,,Watched,,,,,2020,4,17,18,41,4,https://www.youtube.com/watch?v=XBlfDekP7oQ,,youtube,,2020-04-17 18:41:00,
438,438,438,438,126,126,,Watched,,,,,2020,4,17,21,10,4,https://www.youtube.com/watch?v=8DbACLWDoPI,,youtube,,2020-04-17 21:10:00,
439,439,439,439,125,125,,Watched,,,,,2020,4,18,2,16,5,https://www.youtube.com/channel/UC6gLlIAnzg7eJ8VuXDCZ_vg,,youtube,,2020-04-18 02:16:00,
440,440,440,440,124,124,,Watched,,,,,2020,4,18,2,17,5,https://www.youtube.com/watch?v=UzxRuTUpVTM,,youtube,,2020-04-18 02:17:00,
441,441,441,441,123,123,,Watched,,,,,2020,4,18,2,24,5,https://www.youtube.com/watch?v=Z_bA-_XWZ0k,,youtube,,2020-04-18 02:24:00,
442,442,442,442,122,122,,Watched,,,,,2020,4,18,3,3,5,https://www.youtube.com/watch?v=vyjVnatVsLA,,youtube,,2020-04-18 03:03:00,
443,443,443,443,121,121,,Watched,,,,,2020,4,18,3,31,5,https://www.youtube.com/watch?v=8DbACLWDoPI,,youtube,,2020-04-18 03:31:00,
444,444,444,444,120,120,,Watched,,,,,2020,4,18,17,26,5,https://www.youtube.com/watch?v=9qyWdPRkE6s,,youtube,,2020-04-18 17:26:00,
445,445,445,445,119,119,,Watched,,,,,2020,4,19,3,29,6,https://www.youtube.com/watch?v=qg680UiVCsA,,youtube,,2020-04-19 03:29:00,
446,446,446,446,117,117,4.5531931,Watched,5022.0,39937.0,1707.0,3809178.0,2020,4,19,3,31,6,https://www.youtube.com/watch?v=cm-uF-rjAz4,ASMR for People Who Dont Get Tingles,youtube,,2020-04-19 03:31:00,Entertainment
447,447,447,447,118,118,,Watched,,,,,2020,4,19,3,31,6,https://www.youtube.com/watch?v=8DbACLWDoPI,,youtube,,2020-04-19 03:31:00,
448,448,448,448,116,116,,Searched,,,,,2020,4,19,21,4,6,https://www.youtube.com/results?search_query=university+of+alabama+sororities,,youtube,,2020-04-19 21:04:00,
449,449,449,449,115,115,,Watched,,,,,2020,4,20,2,57,0,https://www.youtube.com/watch?v=sBku-0SEIno,,youtube,,2020-04-20 02:57:00,
450,450,450,450,114,114,,Watched,,,,,2020,4,21,0,27,1,https://www.youtube.com/watch?v=oSkkIOFdG_k,,youtube,,2020-04-21 00:27:00,
451,451,451,451,113,113,,Watched,,,,,2020,4,21,2,38,1,https://www.youtube.com/watch?v=H8uBLf27MSA,,youtube,,2020-04-21 02:38:00,
452,452,452,452,112,112,,Watched,,,,,2020,4,21,3,58,1,https://www.youtube.com/watch?v=BkiD9BOP0HI,,youtube,,2020-04-21 03:58:00,
453,453,453,453,111,111,,Watched,,,,,2020,4,22,2,49,2,https://www.youtube.com/watch?v=ndHSZiK8QwI,,youtube,,2020-04-22 02:49:00,
454,454,454,454,110,110,,Watched,,,,,2020,4,23,2,54,3,https://www.youtube.com/watch?v=fsD4sT0Rjt0,,youtube,,2020-04-23 02:54:00,
455,455,455,455,109,109,,Searched,,,,,2020,4,23,2,55,3,https://www.youtube.com/results?search_query=Lifewithmak,,youtube,,2020-04-23 02:55:00,
456,456,456,456,108,108,,Watched,,,,,2020,4,23,2,55,3,https://www.youtube.com/watch?v=q7iUgaHcMFY,,youtube,,2020-04-23 02:55:00,
457,457,457,457,107,107,,Watched,,,,,2020,4,23,3,47,3,https://www.youtube.com/watch?v=Muz0sZWxjn4,,youtube,,2020-04-23 03:47:00,
458,458,458,458,106,106,,Watched,,,,,2020,4,23,23,51,3,https://www.youtube.com/watch?v=xRvWMJiJddU,,youtube,,2020-04-23 23:51:00,
459,459,459,459,105,105,,Watched,,,,,2020,4,23,23,54,3,https://www.youtube.com/watch?v=hqTxkyJ2Qf0,,youtube,,2020-04-23 23:54:00,
460,460,460,460,104,104,,Watched,,,,,2020,4,24,3,4,4,https://www.youtube.com/watch?v=WN-IW6wOdnI,,youtube,,2020-04-24 03:04:00,
461,461,461,461,103,103,,Watched,,,,,2020,4,24,3,5,4,https://www.youtube.com/watch?v=-NcN6om8Wvg,,youtube,,2020-04-24 03:05:00,
462,462,462,462,102,102,,Watched,,,,,2020,4,24,18,56,4,https://www.youtube.com/watch?v=ePJJIghkIBA,,youtube,,2020-04-24 18:56:00,
463,463,463,463,101,101,4.928660400000001,Watched,4395.0,242032.0,182.0,7984645.0,2020,4,25,0,33,5,https://www.youtube.com/watch?v=jHPbOGEUvZA,,youtube,,2020-04-25 00:33:00,Entertainment
464,464,464,464,100,100,,Watched,,,,,2020,4,25,3,27,5,https://www.youtube.com/watch?v=s2ORdRgrSNM,,youtube,,2020-04-25 03:27:00,
465,465,465,465,99,99,,Watched,,,,,2020,4,25,3,48,5,https://www.youtube.com/watch?v=09jnns2-CF0,,youtube,,2020-04-25 03:48:00,
466,466,466,466,98,98,,Watched,,,,,2020,4,26,3,42,6,https://www.youtube.com/watch?v=CRxpoxJhvuE,,youtube,,2020-04-26 03:42:00,
467,467,467,467,97,97,,Watched,,,,,2020,4,26,4,0,6,https://www.youtube.com/watch?v=bL6pWhrubOY,,youtube,,2020-04-26 04:00:00,
468,468,468,468,96,96,,Watched,,,,,2020,4,26,4,1,6,https://www.youtube.com/watch?v=7WfsxViNnpA,,youtube,,2020-04-26 04:01:00,
469,469,469,469,95,95,,Watched,,,,,2020,4,26,19,33,6,https://www.youtube.com/watch?v=fgpIUgNkd6M,,youtube,,2020-04-26 19:33:00,
470,470,470,470,94,94,,Watched,,,,,2020,4,27,3,46,0,https://www.youtube.com/watch?v=PSRzEJtV6fs,,youtube,,2020-04-27 03:46:00,
471,471,471,471,93,93,,Watched,,,,,2020,4,27,4,12,0,https://www.youtube.com/watch?v=s2ORdRgrSNM,,youtube,,2020-04-27 04:12:00,
472,472,472,472,92,92,4.749895599999999,Watched,1199.0,17977.0,952.0,3661911.0,2020,4,27,18,47,0,https://www.youtube.com/watch?v=z8Oma_yvMh8,,youtube,,2020-04-27 18:47:00,Entertainment
473,473,473,473,91,91,4.875188400000001,Watched,207.0,6427.0,600.0,204311.0,2020,4,27,18,55,0,https://www.youtube.com/watch?v=Pow5d4S9OFE,,youtube,,2020-04-27 18:55:00,Howto & Style
474,474,474,474,90,90,4.3667207,Watched,294.0,1563.0,312.0,718688.0,2020,4,27,19,0,0,https://www.youtube.com/watch?v=upZHLYKTTlg,,youtube,,2020-04-27 19:00:00,Entertainment
475,475,475,475,89,89,4.8834953,Watched,3.0,100.0,250.0,15366.0,2020,4,27,19,9,0,https://www.youtube.com/watch?v=2HB6zoRTdO4,,youtube,,2020-04-27 19:09:00,Nonprofits & Activism
476,476,476,476,88,88,4.491651999999998,Watched,1157.0,7947.0,802.0,1860664.0,2020,4,27,19,14,0,https://www.youtube.com/watch?v=G_gf2ia6R_I,,youtube,,2020-04-27 19:14:00,People & Blogs
477,477,477,477,87,87,,Watched,,,,,2020,4,28,3,19,1,https://www.youtube.com/watch?v=2QNM3lnv7v0,,youtube,,2020-04-28 03:19:00,
478,478,478,478,86,86,,Watched,,,,,2020,4,28,3,34,1,https://www.youtube.com/watch?v=zjV6fRq7f-8,,youtube,,2020-04-28 03:34:00,
479,479,479,479,85,85,,Watched,,,,,2020,4,28,3,43,1,https://www.youtube.com/watch?v=Muz0sZWxjn4,,youtube,,2020-04-28 03:43:00,
480,480,480,480,84,84,,Watched,,,,,2020,4,28,4,5,1,https://www.youtube.com/watch?v=8DbACLWDoPI,,youtube,,2020-04-28 04:05:00,
481,481,481,481,83,83,,Watched,,,,,2020,4,29,4,4,2,https://www.youtube.com/watch?v=Z0Qosfqi4EY,,youtube,,2020-04-29 04:04:00,
482,482,482,482,82,82,,Watched,,,,,2020,4,29,4,6,2,https://www.youtube.com/watch?v=SrgkWBqWo-k,,youtube,,2020-04-29 04:06:00,
483,483,483,483,81,81,,Watched,,,,,2020,4,30,3,22,3,https://www.youtube.com/watch?v=calEQycZ7To,,youtube,,2020-04-30 03:22:00,
484,484,484,484,80,80,,Searched,,,,,2020,4,30,22,53,3,https://www.youtube.com/results?search_query=pamela+reif,,youtube,,2020-04-30 22:53:00,
485,485,485,485,79,79,,Watched,,,,,2020,5,1,3,21,4,https://www.youtube.com/watch?v=ml2GeRMNhnQ,,youtube,,2020-05-01 03:21:00,
486,486,486,486,78,78,,Watched,,,,,2020,5,1,3,38,4,https://www.youtube.com/watch?v=calEQycZ7To,,youtube,,2020-05-01 03:38:00,
487,487,487,487,77,77,,Watched,,,,,2020,5,1,3,50,4,https://www.youtube.com/watch?v=s2ORdRgrSNM,,youtube,,2020-05-01 03:50:00,
488,488,488,488,76,76,,Watched,,,,,2020,5,1,4,7,4,https://www.youtube.com/watch?v=jmgMWciooUI,,youtube,,2020-05-01 04:07:00,
489,489,489,489,75,75,,Searched,,,,,2020,5,1,14,58,4,https://www.youtube.com/results?search_query=pamela+reif,,youtube,,2020-05-01 14:58:00,
490,490,490,490,74,74,,Watched,,,,,2020,5,1,15,11,4,https://www.youtube.com/watch?v=iCG4zlvuUok,,youtube,,2020-05-01 15:11:00,
491,491,491,491,73,73,,Searched,,,,,2020,5,1,15,36,4,https://www.youtube.com/results?search_query=pamela+reif,,youtube,,2020-05-01 15:36:00,
492,492,492,492,72,72,,Watched,,,,,2020,5,1,15,36,4,https://www.youtube.com/watch?v=AnYl6Nk9GOA,,youtube,,2020-05-01 15:36:00,
493,493,493,493,71,71,4.9712005,Watched,1559.0,214974.0,664.0,6476730.0,2020,5,1,15,38,4,https://www.youtube.com/watch?v=2pLT-olgUJs,Get Abs in 2 WEEKS | Abs Workout Challenge,youtube,,2020-05-01 15:38:00,Howto & Style
494,494,494,494,70,70,,Watched,,,,,2020,5,2,3,1,5,https://www.youtube.com/watch?v=pTzk2ZVqi3w,,youtube,,2020-05-02 03:01:00,
495,495,495,495,69,69,,Watched,,,,,2020,5,2,3,32,5,https://www.youtube.com/watch?v=E9FA1R7Jc0w,,youtube,,2020-05-02 03:32:00,
496,496,496,496,68,68,,Watched,,,,,2020,5,2,3,36,5,https://www.youtube.com/watch?v=zNIpLPNScwE,,youtube,,2020-05-02 03:36:00,
497,497,497,497,67,67,,Watched,,,,,2020,5,2,4,1,5,https://www.youtube.com/watch?v=rlW2pmxGZ8c,,youtube,,2020-05-02 04:01:00,
498,498,498,498,66,66,,Watched,,,,,2020,5,2,4,56,5,https://www.youtube.com/watch?v=Muz0sZWxjn4,,youtube,,2020-05-02 04:56:00,
499,499,499,499,64,64,,Watched,,,,,2020,5,2,23,51,5,https://www.youtube.com/watch?v=HJSxdFkPEBU,,youtube,,2020-05-02 23:51:00,
500,500,500,500,65,65,,Searched,,,,,2020,5,2,23,51,5,https://www.youtube.com/results?search_query=fast+asmr+30+triggers,,youtube,,2020-05-02 23:51:00,
501,501,501,501,63,63,,Watched,,,,,2020,5,3,1,24,6,https://www.youtube.com/watch?v=mCF_xdFQZZ8,,youtube,,2020-05-03 01:24:00,
502,502,502,502,62,62,,Searched,,,,,2020,5,3,1,54,6,https://www.youtube.com/results?search_query=Lie+to+me+stripped,,youtube,,2020-05-03 01:54:00,
503,503,503,503,61,61,,Searched,,,,,2020,5,3,1,55,6,https://www.youtube.com/results?search_query=lie+to+me+acapella,,youtube,,2020-05-03 01:55:00,
504,504,504,504,60,60,,Watched,,,,,2020,5,3,2,43,6,https://www.youtube.com/watch?v=r-f7S1OfPe8,,youtube,,2020-05-03 02:43:00,
505,505,505,505,59,59,,Watched,,,,,2020,5,3,3,3,6,https://www.youtube.com/watch?v=PmvuYRtvSDY,,youtube,,2020-05-03 03:03:00,
506,506,506,506,58,58,,Searched,,,,,2020,5,4,2,46,0,https://www.youtube.com/results?search_query=simple+cooking+channel,,youtube,,2020-05-04 02:46:00,
507,507,507,507,57,57,,Watched,,,,,2020,5,4,2,47,0,https://www.youtube.com/watch?v=isbn_Nu7ikQ,,youtube,,2020-05-04 02:47:00,
508,508,508,508,56,56,,Watched,,,,,2020,5,4,2,47,0,https://www.youtube.com/watch?v=7r9x-8BJ1E0,,youtube,,2020-05-04 02:47:00,
509,509,509,509,55,55,,Watched,,,,,2020,5,4,3,21,0,https://www.youtube.com/watch?v=hQenTPiLeIQ,,youtube,,2020-05-04 03:21:00,
510,510,510,510,54,54,,Watched,,,,,2020,5,5,3,37,1,https://www.youtube.com/watch?v=tox62vvuTNc,,youtube,,2020-05-05 03:37:00,
511,511,511,511,53,53,,Watched,,,,,2020,5,5,3,51,1,https://www.youtube.com/watch?v=N0VM6AraYQU,,youtube,,2020-05-05 03:51:00,
512,512,512,512,52,52,,Watched,,,,,2020,5,5,15,57,1,https://www.youtube.com/watch?v=oP3F1GH-a80,,youtube,,2020-05-05 15:57:00,
513,513,513,513,51,51,,Watched,,,,,2020,5,6,3,59,2,https://www.youtube.com/watch?v=bVZHgTlaqYk,,youtube,,2020-05-06 03:59:00,
514,514,514,514,49,49,,Watched,,,,,2020,5,6,4,11,2,https://www.youtube.com/watch?v=n1SIRl0QBXk,,youtube,,2020-05-06 04:11:00,
515,515,515,515,50,50,,Searched,,,,,2020,5,6,4,11,2,https://www.youtube.com/results?search_query=asmr+microphone+touching,,youtube,,2020-05-06 04:11:00,
516,516,516,516,48,48,,Watched,,,,,2020,5,6,4,14,2,https://www.youtube.com/watch?v=xmNDwQG4ZbI,,youtube,,2020-05-06 04:14:00,
517,517,517,517,47,47,,Watched,,,,,2020,5,6,4,24,2,https://www.youtube.com/watch?v=z47ZXZG-45g,,youtube,,2020-05-06 04:24:00,
518,518,518,518,46,46,,Watched,,,,,2020,5,7,4,5,3,https://www.youtube.com/watch?v=8RLNHdJyT9Y,,youtube,,2020-05-07 04:05:00,
519,519,519,519,45,45,,Watched,,,,,2020,5,8,3,59,4,https://www.youtube.com/watch?v=-9HvlwyT7Fg,,youtube,,2020-05-08 03:59:00,
520,520,520,520,44,44,,Watched,,,,,2020,5,8,4,0,4,https://www.youtube.com/watch?v=ZFzhg2Nc8Bs,,youtube,,2020-05-08 04:00:00,
521,521,521,521,43,43,,Watched,,,,,2020,5,8,4,3,4,https://www.youtube.com/watch?v=VjjHpuItV0I,,youtube,,2020-05-08 04:03:00,
522,522,522,522,42,42,,Watched,,,,,2020,5,8,4,51,4,https://www.youtube.com/watch?v=8RLNHdJyT9Y,,youtube,,2020-05-08 04:51:00,
523,523,523,523,41,41,,Watched,,,,,2020,5,9,3,38,5,https://www.youtube.com/watch?v=bL6pWhrubOY,,youtube,,2020-05-09 03:38:00,
524,524,524,524,40,40,,Watched,,,,,2020,5,9,3,39,5,https://www.youtube.com/watch?v=CRxpoxJhvuE,,youtube,,2020-05-09 03:39:00,
525,525,525,525,39,39,,Watched,,,,,2020,5,10,4,51,6,https://www.youtube.com/watch?v=QQW3iKUcMZo,,youtube,,2020-05-10 04:51:00,
526,526,526,526,38,38,,Watched,,,,,2020,5,10,5,36,6,https://www.youtube.com/watch?v=FbOmAxI3DUs,,youtube,,2020-05-10 05:36:00,
527,527,527,527,37,37,,Watched,,,,,2020,5,11,3,44,0,https://www.youtube.com/watch?v=9utGcoRlaUQ,,youtube,,2020-05-11 03:44:00,
528,528,528,528,36,36,,Watched,,,,,2020,5,11,4,19,0,https://www.youtube.com/watch?v=jmgMWciooUI,,youtube,,2020-05-11 04:19:00,
529,529,529,529,35,35,,Watched,,,,,2020,5,12,3,50,1,https://www.youtube.com/watch?v=4l7ja8zEi84,,youtube,,2020-05-12 03:50:00,
530,530,530,530,34,34,,Watched,,,,,2020,5,13,0,39,2,https://www.youtube.com/watch?v=LzYAgCw-_B0,,youtube,,2020-05-13 00:39:00,
531,531,531,531,33,33,,Watched,,,,,2020,5,13,0,40,2,https://www.youtube.com/watch?v=Zq9uQyt3BG0,,youtube,,2020-05-13 00:40:00,
532,532,532,532,32,32,,Watched,,,,,2020,5,14,2,57,3,https://www.youtube.com/watch?v=nvnSxZ0ETeA,,youtube,,2020-05-14 02:57:00,
533,533,533,533,31,31,,Searched,,,,,2020,5,14,23,34,3,https://www.youtube.com/results?search_query=Tiny+little+things,,youtube,,2020-05-14 23:34:00,
534,534,534,534,30,30,,Watched,,,,,2020,5,15,13,42,4,https://www.youtube.com/watch?v=3i5AQ7p1EHI,,youtube,,2020-05-15 13:42:00,
535,535,535,535,29,29,,Watched,,,,,2020,5,15,13,42,4,https://www.youtube.com/watch?v=xG2TSoGfZso,,youtube,,2020-05-15 13:42:00,
536,536,536,536,28,28,,Watched,,,,,2020,5,15,13,45,4,https://www.youtube.com/watch?v=WInoEbpcMvE,,youtube,,2020-05-15 13:45:00,
537,537,537,537,27,27,,Watched,,,,,2020,5,16,3,37,5,https://www.youtube.com/watch?v=Wq_HRy81m6Q,,youtube,,2020-05-16 03:37:00,
538,538,538,538,26,26,,Watched,,,,,2020,5,16,3,58,5,https://www.youtube.com/watch?v=EETNPH-8asQ,,youtube,,2020-05-16 03:58:00,
539,539,539,539,562,0,,Visited,,,,,2020,5,16,21,12,5,,,search,https://www.nytimes.com/2020/05/04/us/coronavirus-live-updates.amp.html,2020-05-16 21:12:00,News
540,540,540,540,25,25,,Watched,,,,,2020,5,17,3,33,6,https://www.youtube.com/watch?v=BilT6ICO9jk,,youtube,,2020-05-17 03:33:00,
541,541,541,541,24,24,,Watched,,,,,2020,5,17,3,37,6,https://www.youtube.com/watch?v=ClOHewc8nnA,,youtube,,2020-05-17 03:37:00,
542,542,542,542,23,23,,Watched,,,,,2020,5,18,4,30,0,https://www.youtube.com/watch?v=U-sl_GxIFao,,youtube,,2020-05-18 04:30:00,
543,543,543,543,22,22,,Watched,,,,,2020,5,18,4,55,0,https://www.youtube.com/watch?v=xms5UcTtVcM,,youtube,,2020-05-18 04:55:00,
544,544,544,544,21,21,,Watched,,,,,2020,5,18,13,8,0,https://www.youtube.com/watch?v=E07s5ZYygMg,,youtube,,2020-05-18 13:08:00,
545,545,545,545,20,20,,Watched,,,,,2020,5,19,2,11,1,https://www.youtube.com/watch?v=O_lGgtF6qlU,,youtube,,2020-05-19 02:11:00,
546,546,546,546,19,19,,Watched,,,,,2020,5,19,2,14,1,https://www.youtube.com/watch?v=50uGRlDnc0Y,,youtube,,2020-05-19 02:14:00,
547,547,547,547,18,18,,Watched,,,,,2020,5,20,3,8,2,https://www.youtube.com/watch?v=ZxCLclT616M,,youtube,,2020-05-20 03:08:00,
548,548,548,548,17,17,,Searched,,,,,2020,5,20,3,49,2,https://www.youtube.com/results?search_query=brooke+diaz,,youtube,,2020-05-20 03:49:00,
549,549,549,549,16,16,,Watched,,,,,2020,5,20,4,14,2,https://www.youtube.com/watch?v=50uGRlDnc0Y,,youtube,,2020-05-20 04:14:00,
550,550,550,550,14,14,,Searched,,,,,2020,5,20,15,21,2,https://www.youtube.com/results?search_query=psychetruth,,youtube,,2020-05-20 15:21:00,
551,551,551,551,15,15,,Watched,,,,,2020,5,20,15,21,2,https://www.youtube.com/watch?v=iaWiYtqL-4Y,,youtube,,2020-05-20 15:21:00,
552,552,552,552,13,13,,Watched,,,,,2020,5,20,15,22,2,https://www.youtube.com/watch?v=hgezsbCYaAA,,youtube,,2020-05-20 15:22:00,
553,553,553,553,12,12,,Watched,,,,,2020,5,20,15,23,2,https://www.youtube.com/watch?v=NFNIx-3DKcc,,youtube,,2020-05-20 15:23:00,
554,554,554,554,11,11,,Searched,,,,,2020,5,20,16,47,2,https://www.youtube.com/results?search_query=eli+finkel+marriage,,youtube,,2020-05-20 16:47:00,
555,555,555,555,10,10,4.7973857,Watched,62.0,1162.0,1105.0,146031.0,2020,5,20,16,47,2,https://www.youtube.com/watch?v=v8fe0IkGnUk,,youtube,,2020-05-20 16:47:00,Education
556,556,556,556,9,9,,Watched,,,,,2020,5,21,3,52,3,https://www.youtube.com/watch?v=UfBBmxeXmbw,,youtube,,2020-05-21 03:52:00,
557,557,557,557,8,8,,Watched,,,,,2020,5,21,4,9,3,https://www.youtube.com/watch?v=IUT3zMz6VGA,,youtube,,2020-05-21 04:09:00,
558,558,558,558,7,7,,Watched,,,,,2020,5,21,13,4,3,https://www.youtube.com/watch?v=otaUZUR7Vjs,,youtube,,2020-05-21 13:04:00,
559,559,559,559,6,6,,Searched,,,,,2020,5,23,2,58,5,https://www.youtube.com/results?search_query=dakota+johnson+jimmy+fallon+interrupt,,youtube,,2020-05-23 02:58:00,
560,560,560,560,5,5,,Watched,,,,,2020,5,23,2,58,5,https://www.youtube.com/watch?v=qvodsQY2COs,,youtube,,2020-05-23 02:58:00,
561,561,561,561,4,4,,Watched,,,,,2020,5,23,14,45,5,https://www.youtube.com/watch?v=e_VN6EZnWz4,,youtube,,2020-05-23 14:45:00,
562,562,562,562,3,3,,Watched,,,,,2020,5,24,3,44,6,https://www.youtube.com/watch?v=bwzwoh6Tqz8,,youtube,,2020-05-24 03:44:00,
563,563,563,563,2,2,,Watched,,,,,2020,5,24,23,59,6,https://www.youtube.com/watch?v=UcsrzG12vvI,,youtube,,2020-05-24 23:59:00,
564,564,564,564,1,1,,Watched,,,,,2020,5,24,23,59,6,https://www.youtube.com/watch?v=QXz5U504W3w,,youtube,,2020-05-24 23:59:00,
565,565,565,565,0,0,,Watched,,,,,2020,5,25,3,6,0,https://www.youtube.com/watch?v=UcsrzG12vvI,,youtube,,2020-05-25 03:06:00,
